month,crime_category,current_month_reg,current_month_det,previous_month_reg,previous_month_det,current_year_reg,current_year_det,previous_year_reg,previous_year_det,,
2026-03,Murder,20,19,10,10,39,38,34,34,,
2026-03,Att.to.C.Murder,46,44,30,27,100,98,69,68,,
2026-03,Dacoity,1,1,2,2,6,6,2,2,,
2026-03,Prep.for Dacoity,0,0,0,0,1,1,1,1,,
2026-03,Robbery,38,37,27,24,90,88,74,74,,
2026-03,Robbery Chain Snatching,5,4,13,9,25,23,21,20,,
2026-03,Att.to.C.Robbery,0,0,0,0,0,0,5,4,,
2026-03,Extortion,31,25,26,21,73,63,69,55,,
2026-03,H.B.T.Day,13,4,9,4,32,16,43,24,,
2026-03,H.B.T.Night.,72,26,53,24,202,113,214,125,,
2026-03,Thefts.,577,141,547,145,1621,522,1397,442,,
2026-03,M.V.Thefts.,201,68,193,67,580,287,540,239,,
2026-03,Snatching,5,5,15,11,38,34,52,31,,
2026-03,Hurt,465,425,323,292,1118,1069,1120,1084,,
2026-03,Riots.,64,58,44,37,152,145,96,96,,
2026-03,Rape,61,56,67,55,196,189,236,236,,
2026-03,Molestation,187,162,167,136,527,489,669,669,,
2026-03,Other I.P.C.,5911,4980,5129,4198,14458,12261,7469,5474,,
2026-02,Murder,19,19,19,19,19,19,19,19,,
2026-02,Att.to.C.Murder,45,44,45,44,45,44,45,44,,
2026-02,Dacoity,2,2,2,2,2,2,2,2,,
2026-02,Prep.for Dacoity,1,1,1,1,1,1,1,1,,
2026-02,Robbery,46,46,46,46,46,46,46,46,,
2026-02,Robbery Chain Snatching,19,18,19,18,19,18,19,18,,
2026-02,Att.to.C.Robbery,5,4,5,4,5,4,5,4,,
2026-02,Extortion,44,30,44,30,44,30,44,30,,
2026-02,H.B.T.Day,35,17,35,17,35,17,35,17,,
2026-02,H.B.T.Night.,146,78,146,78,146,78,146,78,,
2026-02,Thefts.,932,296,932,296,932,296,932,296,,
2026-02,M.V.Thefts.,363,140,363,140,363,140,363,140,,
2026-02,Snatching,33,16,33,16,33,16,33,16,,
2026-02,Hurt,657,555,657,555,657,555,657,555,,
2026-02,Riots.,58,50,58,50,58,50,58,50,,
2026-02,Rape,144,137,144,137,144,137,144,137,,
2026-02,Molestation,421,420,421,420,421,420,421,420,,
2026-02,Other I.P.C.,5114,3739,5114,3739,5114,3739,5114,3739,,
2026-01,Murder,8,8,7,6,8,8,9,8,,
2026-01,Att.to.C.Murder,24,23,23,21,24,23,24,23,,
2026-01,Dacoity,3,3,5,5,3,3,1,1,,
2026-01,Prep.for Dacoity,1,1,0,0,1,1,1,1,,
2026-01,Robbery,26,25,38,37,26,25,34,34,,
2026-01,Robbery Chain Snatching,6,3,4,3,6,3,16,16,,
2026-01,Att.to.C.Robbery,0,0,1,1,0,0,4,3,,
2026-01,Extortion,16,9,40,29,16,9,25,15,,
2026-01,H.B.T.Day,10,4,20,4,10,4,19,6,,
2026-01,H.B.T.Night.,75,36,86,35,75,36,86,46,,
2026-01,Thefts.,496,125,590,132,496,125,494,144,,
2026-01,M.V.Thefts.,188,63,184,50,188,63,182,57,,
2026-01,Snatching,18,9,15,7,18,9,20,7,,
2026-01,Hurt,332,307,334,303,332,307,336,276,,
2026-01,Riots.,41,37,47,41,41,37,24,20,,
2026-01,Rape,80,61,104,85,80,61,82,82,,
2026-01,Molestation,174,150,235,193,174,150,231,231,,
2026-01,Other I.P.C.,3427,2636,4355,3387,3427,2636,2707,1921,,
2025-12,Murder,7,6,9,9,126,123,107,105,,
2025-12,Att.to.C.Murder,23,21,28,28,324,321,303,301,,
2025-12,Dacoity,5,5,3,3,20,20,16,16,,
2025-12,Prep.for Dacoity,0,0,0,0,2,2,10,10,,
2025-12,Robbery,38,37,30,29,321,318,474,467,,
2025-12,Robbery Chain Snatching,4,3,13,13,85,81,116,109,,
2025-12,Att.to.C.Robbery,1,1,0,0,10,9,19,19,,
2025-12,Extortion,40,29,21,17,314,290,199,177,,
2025-12,H.B.T.Day,20,4,14,3,179,105,237,139,,
2025-12,H.B.T.Night.,86,35,82,34,904,615,1070,639,,
2025-12,Thefts.,589,132,618,140,8060,2717,8262,2741,,
2025-12,M.V.Thefts.,184,50,194,46,2299,1357,2589,1450,,
2025-12,Snatching,15,7,6,4,181,146,117,69,,
2025-12,Hurt,334,303,301,274,4122,4053,4362,4180,,
2025-12,Riots.,47,41,38,35,451,431,323,318,,
2025-12,Rape,104,85,97,76,1262,1211,1051,1037,,
2025-12,Molestation,235,193,193,167,2468,2383,2397,2386,,
2025-12,Other I.P.C.,4356,3387,4543,3707,42884,37377,31066,24864,,
2025-11,Murder,9,9,9,9,117,115,101,99,,
2025-11,Att.to.C.Murder,28,28,37,37,302,301,283,281,,
2025-11,Dacoity,3,3,3,3,15,15,15,15,,
2025-11,Prep.for Dacoity,0,0,0,0,2,2,10,10,,
2025-11,Robbery,30,29,47,46,282,279,448,442,,
2025-11,Robbery Chain Snatching,13,13,6,1,81,77,110,101,,
2025-11,Att.to.C.Robbery,0,0,2,2,9,8,19,19,,
2025-11,Extortion,21,17,23,18,273,256,182,154,,
2025-11,H.B.T.Day,14,3,20,6,161,98,219,126,,
2025-11,H.B.T.Night.,82,34,65,19,816,548,982,576,,
2025-11,Thefts.,618,140,795,184,7470,2474,7808,2533,,
2025-11,M.V.Thefts.,194,46,210,73,2117,1229,2386,1269,,
2025-11,Snatching,6,4,16,11,165,138,100,55,,
2025-11,Hurt,301,274,441,405,3789,3728,4002,3787,,
2025-11,Riots.,38,35,47,44,404,387,299,294,,
2025-11,Rape,97,76,111,88,1141,1091,958,946,,
2025-11,Molestation,193,167,188,162,2231,2167,2218,2083,,
2025-11,Other I.P.C.,4543,3707,3356,2649,38550,33541,28203,22114,,
2025-10,Murder,9,9,11,11,107,105,88,86,,
2025-10,Att.to.C.Murder,37,37,31,29,273,271,265,264,,
2025-10,Dacoity,3,3,1,1,12,12,20,19,,
2025-10,Prep.for Dacoity,0,0,0,0,2,2,9,9,,
2025-10,Robbery,47,46,27,23,251,248,423,416,,
2025-10,Robbery Chain Snatching,6,1,7,5,69,61,103,95,,
2025-10,Att.to.C.Robbery,2,2,0,0,10,9,17,17,,
2025-10,Extortion,23,18,29,23,253,236,169,144,,
2025-10,H.B.T.Day,20,6,11,5,147,90,207,118,,
2025-10,H.B.T.Night.,65,19,81,29,734,477,910,527,,
2025-10,Thefts.,795,184,708,164,6854,2210,7438,2395,,
2025-10,M.V.Thefts.,210,73,195,60,1923,1126,2177,1152,,
2025-10,Snatching,16,11,8,6,157,130,83,47,,
2025-10,Hurt,441,405,302,267,3491,3421,3679,3484,,
2025-10,Riots.,47,44,45,32,365,346,265,262,,
2025-10,Rape,111,88,91,73,1030,976,869,853,,
2025-10,Molestation,188,162,181,154,2038,1970,2067,1943,,
2025-10,Other I.P.C.,3356,2649,3830,3108,34013,29443,26469,20765,,
2025-09,Murder,11,11,6,6,98,95,78,77,,
2025-09,Att.to.C.Murder,31,29,16,16,232,229,240,238,,
2025-09,Dacoity,1,1,1,0,9,9,19,19,,
2025-09,Prep.for Dacoity,0,0,0,0,2,2,8,8,,
2025-09,Robbery,27,23,23,22,204,200,398,391,,
2025-09,Robbery Chain Snatching,7,5,6,4,63,59,96,91,,
2025-09,Att.to.C.Robbery,0,0,1,1,8,7,16,15,,
2025-09,Extortion,29,23,26,23,230,211,151,126,,
2025-09,H.B.T.Day,11,5,13,4,127,81,186,102,,
2025-09,H.B.T.Night.,81,29,79,34,669,430,822,475,,
2025-09,Thefts.,708,164,707,172,6058,1930,6849,2190,,
2025-09,M.V.Thefts.,195,60,214,71,1713,986,1938,1038,,
2025-09,Snatching,8,6,8,3,141,117,59,30,,
2025-09,Hurt,302,267,295,253,3054,2983,3282,3106,,
2025-09,Riots.,45,32,28,22,318,299,236,227,,
2025-09,Rape,91,73,91,65,912,860,772,739,,
2025-09,Molestation,181,154,177,143,1848,1785,1840,1738,,
2025-09,Other I.P.C.,3830,3108,3913,3239,30657,26459,23651,18554,,
2025-08,Murder,6,6,6,6,87,84,72,71,,
2025-08,Att.to.C.Murder,16,16,23,23,200,199,226,222,,
2025-08,Dacoity,1,0,2,2,8,7,14,14,,
2025-08,Prep.for Dacoity,0,0,0,0,2,2,7,7,,
2025-08,Robbery,23,22,21,21,177,176,364,358,,
2025-08,Robbery Chain Snatching,6,4,7,5,56,52,85,79,,
2025-08,Att.to.C.Robbery,1,1,0,0,8,7,15,14,,
2025-08,Extortion,26,23,28,25,201,187,143,118,,
2025-08,H.B.T.Day,13,4,16,6,117,70,168,98,,
2025-08,H.B.T.Night.,79,34,85,31,588,380,738,426,,
2025-08,Thefts.,707,172,736,163,5350,1677,6260,1978,,
2025-08,M.V.Thefts.,214,71,214,75,1517,852,1756,929,,
2025-08,Snatching,8,3,14,8,133,108,33,17,,
2025-08,Hurt,295,253,291,266,2754,2680,2919,2778,,
2025-08,Riots.,28,22,44,40,273,264,208,204,,
2025-08,Rape,91,65,104,84,808,748,667,659,,
2025-08,Molestation,177,143,199,183,1669,1606,1570,1489,,
2025-08,Other I.P.C.,3913,3239,4614,3844,26833,23088,21906,17284,,
2025-07,Murder,6,6,6,5,80,77,61,59,,
2025-07,Att.to.C.Murder,23,23,35,34,184,183,194,192,,
2025-07,Dacoity,2,2,2,2,7,7,12,12,,
2025-07,Prep.for Dacoity,0,0,1,1,2,2,6,6,,
2025-07,Robbery,21,21,35,33,155,154,333,326,,
2025-07,Robbery Chain Snatching,7,5,7,7,49,45,81,72,,
2025-07,Att.to.C.Robbery,0,0,2,2,7,6,12,11,,
2025-07,Extortion,28,25,24,21,174,161,126,104,,
2025-07,H.B.T.Day,16,6,12,3,105,62,144,81,,
2025-07,H.B.T.Night.,85,31,88,35,510,316,636,367,,
2025-07,Thefts.,736,163,872,163,4643,1390,5696,1772,,
2025-07,M.V.Thefts.,214,75,221,71,1304,721,1507,789,,
2025-07,Snatching,14,8,23,9,125,101,10,1,,
2025-07,Hurt,291,266,330,286,2463,2395,2588,2465,,
2025-07,Riots.,44,40,26,24,245,241,184,179,,
2025-07,Rape,104,84,99,76,710,663,546,525,,
2025-07,Molestation,199,183,202,176,1493,1446,1305,1226,,
2025-07,Other I.P.C.,4614,3844,4587,3979,22922,19487,18974,15034,,
2025-06,Murder,6,5,16,15,73,70,56,54,,
2025-06,Att.to.C.Murder,35,34,22,21,161,158,178,175,,
2025-06,Dacoity,2,2,1,1,5,5,11,11,,
2025-06,Prep.for Dacoity,1,1,0,0,2,2,6,6,,
2025-06,Robbery,35,33,11,9,134,131,310,304,,
2025-06,Robbery Chain Snatching,7,7,4,2,43,41,78,67,,
2025-06,Att.to.C.Robbery,2,2,0,0,7,6,7,7,,
2025-06,Extortion,24,21,21,14,145,133,119,101,,
2025-06,H.B.T.Day,12,3,17,8,89,53,125,74,,
2025-06,H.B.T.Night.,88,35,70,22,425,266,531,346,,
2025-06,Thefts.,872,163,1141,142,3906,1073,5130,2005,,
2025-06,M.V.Thefts.,221,71,167,39,1090,558,1307,754,,
2025-06,Snatching,23,9,22,8,110,80,0,0,,
2025-06,Hurt,330,286,368,311,2175,2086,2333,2260,,
2025-06,Riots.,26,24,38,33,201,199,161,155,,
2025-06,Rape,99,76,100,63,602,551,476,456,,
2025-06,Molestation,202,176,212,172,1295,1239,1171,1109,,
2025-06,Other I.P.C.,4587,3979,3814,3106,18304,15286,16434,13425,,
2025-05,Murder,16,15,12,12,64,62,48,46,,
2025-05,Att.to.C.Murder,22,21,36,33,126,123,157,154,,
2025-05,Dacoity,1,1,1,1,3,3,11,11,,
2025-05,Prep.for Dacoity,0,0,0,0,1,1,5,5,,
2025-05,Robbery,11,9,14,13,98,93,256,245,,
2025-05,Robbery Chain Snatching,4,2,11,8,36,32,62,52,,
2025-05,Att.to.C.Robbery,0,0,0,0,5,4,6,6,,
2025-05,Extortion,21,14,29,22,121,106,104,79,,
2025-05,H.B.T.Day,17,8,16,7,76,47,109,64,,
2025-05,H.B.T.Night.,70,22,54,24,335,201,422,248,,
2025-05,Thefts.,1141,142,498,114,3032,811,4452,1299,,
2025-05,M.V.Thefts.,167,39,162,43,870,429,1084,557,,
2025-05,Snatching,22,8,13,8,87,60,0,0,,
2025-05,Hurt,368,311,367,291,1851,1745,1940,1827,,
2025-05,Riots.,37,33,38,33,174,167,137,131,,
2025-05,Rape,99,63,106,76,485,426,397,357,,
2025-05,Molestation,211,171,214,179,1095,1025,978,899,,
2025-05,Other I.P.C.,3813,3106,2448,1595,13722,10889,12968,9930,,
2025-04,Murder,12,12,15,14,48,46,37,34,,
2025-04,Att.to.C.Murder,36,33,24,24,104,100,129,125,,
2025-04,Dacoity,1,1,0,0,2,2,10,10,,
2025-04,Prep.for Dacoity,0,0,0,0,1,1,4,4,,
2025-04,Robbery,14,13,28,23,88,84,212,202,,
2025-04,Robbery Chain Snatching,11,8,2,0,32,27,49,41,,
2025-04,Att.to.C.Robbery,0,0,0,0,5,4,3,3,,
2025-04,Extortion,29,22,25,18,100,87,87,67,,
2025-04,H.B.T.Day,16,7,11,4,59,37,97,55,,
2025-04,H.B.T.Night.,54,24,66,25,267,168,328,210,,
2025-04,Thefts.,498,114,465,98,1893,604,3614,1065,,
2025-04,M.V.Thefts.,162,43,177,59,703,348,895,478,,
2025-04,Snatching,13,8,19,8,65,47,0,0,,
2025-04,Hurt,367,291,464,381,1482,1356,1549,1459,,
2025-04,Riots.,38,33,38,31,135,127,106,103,,
2025-04,Rape,106,76,92,72,381,330,316,280,,
2025-04,Molestation,214,179,246,190,883,807,796,723,,
2025-04,Other I.P.C.,2448,1595,2350,1515,9912,7394,10554,8071,,
2025-03,Murder,15,14,10,9,34,31,27,26,,
2025-03,Att.to.C.Murder,24,24,20,19,69,67,87,85,,
2025-03,Dacoity,0,0,0,0,2,2,5,5,,
2025-03,Prep.for Dacoity,0,0,0,0,1,1,4,4,,
2025-03,Robbery,28,23,14,14,74,68,163,155,,
2025-03,Robbery Chain Snatching,2,0,2,2,21,16,35,30,,
2025-03,Att.to.C.Robbery,0,0,1,1,5,4,3,3,,
2025-03,Extortion,25,18,19,11,69,55,66,49,,
2025-03,H.B.T.Day,11,4,16,5,43,24,77,40,,
2025-03,H.B.T.Night.,66,25,60,21,214,125,258,159,,
2025-03,Thefts.,465,98,438,118,1397,442,2793,790,,
2025-03,M.V.Thefts.,177,59,181,55,540,239,655,333,,
2025-03,Snatching,19,8,13,5,52,31,0,0,,
2025-03,Hurt,464,381,322,249,1120,982,1158,1062,,
2025-03,Riots.,38,31,34,28,96,84,84,78,,
2025-03,Rape,92,72,78,57,266,223,225,201,,
2025-03,Molestation,246,190,190,157,669,591,585,515,,
2025-03,Other I.P.C.,2350,1515,2414,1662,7469,5474,8167,6221,,
2025-02,Murder,10,9,9,8,19,17,17,17,,
2025-02,Att.to.C.Murder,20,19,24,21,45,43,54,52,,
2025-02,Dacoity,0,0,1,1,2,2,4,4,,
2025-02,Prep.for Dacoity,0,0,1,1,1,1,3,3,,
2025-02,Robbery,14,14,34,30,46,45,102,94,,
2025-02,Robbery Chain Snatching,2,2,16,9,19,15,24,18,,
2025-02,Att.to.C.Robbery,1,1,4,3,5,4,3,3,,
2025-02,Extortion,19,11,25,15,44,30,44,36,,
2025-02,H.B.T.Day,16,5,19,6,35,17,46,26,,
2025-02,H.B.T.Night.,60,21,86,46,146,78,158,96,,
2025-02,Thefts.,438,118,493,144,932,296,1852,484,,
2025-02,M.V.Thefts.,181,55,182,57,363,140,434,181,,
2025-02,Snatching,13,5,20,7,33,16,0,0,,
2025-02,Hurt,322,249,336,276,657,555,665,589,,
2025-02,Riots.,34,28,24,20,58,50,43,39,,
2025-02,Rape,78,57,80,59,168,135,135,112,,
2025-02,Molestation,190,157,229,182,421,368,353,310,,
2025-02,Other I.P.C.,2414,1662,2700,1920,5114,3739,5702,4365,,
2025-01,Murder,9,8,6,6,9,8,9,8,,
2025-01,Att.to.C.Murder,24,21,19,18,24,21,27,27,,
2025-01,Dacoity,1,1,0,0,1,1,2,2,,
2025-01,Prep.for Dacoity,1,1,0,0,1,1,2,2,,
2025-01,Robbery,34,30,26,22,34,30,50,39,,
2025-01,Robbery Chain Snatching,16,9,6,2,16,9,10,6,,
2025-01,Att.to.C.Robbery,4,3,0,0,4,3,1,1,,
2025-01,Extortion,25,15,18,14,25,15,15,9,,
2025-01,H.B.T.Day,19,6,19,10,19,6,22,11,,
2025-01,H.B.T.Night.,86,46,87,34,86,46,72,37,,
2025-01,Thefts.,494,144,460,114,494,144,801,207,,
2025-01,M.V.Thefts.,182,57,203,56,182,57,191,51,,
2025-01,Snatching,20,7,14,3,20,7,0,0,,
2025-01,Hurt,336,276,359,292,336,276,340,285,,
2025-01,Riots.,24,20,24,18,24,20,28,23,,
2025-01,Rape,82,61,75,49,82,61,60,47,,
2025-01,Molestation,231,184,180,145,231,184,184,152,,
2025-01,Other I.P.C.,2707,1921,2876,2192,2707,1921,2991,2289,,
2024-12,Murder,6,6,13,11,107,103,123,118,,
2024-12,Att.to.C.Murder,19,18,16,14,303,298,292,290,,
2024-12,Dacoity,0,0,0,0,16,16,25,24,,
2024-12,Prep.for Dacoity,0,0,1,1,10,10,23,23,,
2024-12,Robbery,26,22,21,15,474,455,642,628,,
2024-12,Robbery Chain Snatching,6,2,7,5,116,104,116,111,,
2024-12,Att.to.C.Robbery,0,0,1,1,19,19,20,17,,
2024-12,Extortion,18,14,12,7,199,177,258,207,,
2024-12,H.B.T.Day,19,10,12,4,237,139,228,151,,
2024-12,H.B.T.Night.,87,34,70,20,1070,639,1073,757,,
2024-12,Thefts.,460,114,377,91,8262,2741,6689,2846,,
2024-12,M.V.Thefts.,203,56,208,45,2589,1450,2671,1564,,
2024-12,Snatching,14,3,12,1,117,69,0,0,,
2024-12,Hurt,359,292,325,248,4362,4180,4441,4306,,
2024-12,Riots.,24,18,34,23,323,309,292,285,,
2024-12,Rape,75,49,82,57,1051,983,973,933,,
2024-12,Molestation,180,145,153,121,2397,2268,2163,2055,,
2024-12,Other I.P.C.,2876,2192,1741,1144,31066,24864,25838,20674,,
2024-11,Murder,13,11,9,8,101,96,113,109,,
2024-11,Att.to.C.Murder,16,14,26,23,283,278,275,268,,
2024-11,Dacoity,0,0,1,0,15,15,23,22,,
2024-11,Prep.for Dacoity,1,1,1,1,10,10,23,23,,
2024-11,Robbery,21,15,26,23,448,431,586,574,,
2024-11,Robbery Chain Snatching,7,5,7,7,110,99,112,108,,
2024-11,Att.to.C.Robbery,1,1,1,1,19,19,16,16,,
2024-11,Extortion,12,7,17,12,182,154,229,177,,
2024-11,H.B.T.Day,12,4,22,6,219,126,207,133,,
2024-11,H.B.T.Night.,70,20,86,30,982,576,992,683,,
2024-11,Thefts.,377,91,590,139,7808,2533,6133,2482,,
2024-11,M.V.Thefts.,208,45,240,52,2386,1269,2445,1384,,
2024-11,Snatching,12,1,23,12,100,55,0,0,,
2024-11,Hurt,325,248,400,303,4002,3787,4052,3884,,
2024-11,Riots.,34,23,29,25,299,281,271,260,,
2024-11,Rape,82,57,89,69,958,889,878,847,,
2024-11,Molestation,153,121,227,170,2218,2083,1968,1835,,
2024-11,Other I.P.C.,1741,1144,2821,1955,28203,22114,22246,16920,,
2024-10,Murder,9,8,5,4,88,85,105,100,,
2024-10,Att.to.C.Murder,26,23,14,13,265,260,234,230,,
2024-10,Dacoity,1,0,5,5,20,19,21,19,,
2024-10,Prep.for Dacoity,1,1,1,1,9,9,23,23,,
2024-10,Robbery,26,23,34,33,423,412,542,532,,
2024-10,Robbery Chain Snatching,7,7,11,9,103,94,105,96,,
2024-10,Att.to.C.Robbery,1,1,1,1,17,17,13,13,,
2024-10,Extortion,17,12,8,5,169,144,211,162,,
2024-10,H.B.T.Day,22,6,19,2,207,118,193,115,,
2024-10,H.B.T.Night.,86,30,84,25,910,527,905,623,,
2024-10,Thefts.,590,139,587,141,7438,2395,5473,2219,,
2024-10,M.V.Thefts.,240,52,183,44,2177,1152,2215,1247,,
2024-10,Snatching,23,12,26,12,83,47,0,0,,
2024-10,Hurt,400,303,366,282,3679,3484,3624,3472,,
2024-10,Riots.,29,25,25,22,265,253,241,225,,
2024-10,Rape,89,69,89,67,869,811,814,771,,
2024-10,Molestation,227,170,267,230,2067,1935,1783,1661,,
2024-10,Other I.P.C.,2821,1955,1775,1041,26469,20764,19668,14635,,
2024-09,Murder,5,4,10,10,78,76,91,86,,
2024-09,Att.to.C.Murder,14,13,31,30,240,237,208,205,,
2024-09,Dacoity,5,5,2,2,19,19,21,19,,
2024-09,Prep.for Dacoity,1,1,1,1,8,8,22,22,,
2024-09,Robbery,34,33,31,27,398,389,484,474,,
2024-09,Robbery Chain Snatching,11,9,4,3,96,87,87,83,,
2024-09,Att.to.C.Robbery,1,1,3,3,16,15,13,13,,
2024-09,Extortion,8,5,17,11,151,126,195,143,,
2024-09,H.B.T.Day,19,2,20,10,186,102,173,107,,
2024-09,H.B.T.Night.,84,25,102,35,822,475,813,550,,
2024-09,Thefts.,587,141,570,118,6849,2190,4782,1929,,
2024-09,M.V.Thefts.,183,44,247,73,1938,1038,1951,1083,,
2024-09,Snatching,26,12,21,11,59,30,0,0,,
2024-09,Hurt,366,282,332,265,3282,3106,3187,3053,,
2024-09,Riots.,25,22,24,19,236,227,203,191,,
2024-09,Rape,89,67,111,89,772,715,723,682,,
2024-09,Molestation,267,230,269,231,1840,1738,1572,1455,,
2024-09,Other I.P.C.,1775,1041,2936,1963,23651,18554,17151,12550,,
2024-08,Murder,10,10,5,5,72,71,85,82,,
2024-08,Att.to.C.Murder,31,30,16,15,226,222,180,178,,
2024-08,Dacoity,2,2,1,1,14,14,18,16,,
2024-08,Prep.for Dacoity,1,1,0,0,7,7,18,18,,
2024-08,Robbery,31,27,22,18,364,355,424,412,,
2024-08,Robbery Chain Snatching,4,3,3,2,85,78,78,74,,
2024-08,Att.to.C.Robbery,3,3,5,4,15,14,13,13,,
2024-08,Extortion,17,11,8,3,143,118,174,130,,
2024-08,H.B.T.Day,20,10,19,5,168,98,154,96,,
2024-08,H.B.T.Night.,102,35,105,34,738,426,717,505,,
2024-08,Thefts.,570,118,567,112,6260,1979,3972,1644,,
2024-08,M.V.Thefts.,247,72,199,39,1756,929,1752,952,,
2024-08,Snatching,21,11,10,1,33,17,0,0,,
2024-08,Hurt,332,265,256,203,2919,2778,2868,2751,,
2024-08,Riots.,24,19,23,19,208,199,177,167,,
2024-08,Rape,111,89,64,48,667,619,658,627,,
2024-08,Molestation,269,231,134,104,1570,1485,1409,1300,,
2024-08,Other I.P.C.,2937,1962,2539,1789,21906,17284,14822,10627,,
2024-07,Murder,5,5,8,8,61,59,76,73,,
2024-07,Att.to.C.Murder,16,15,21,21,194,191,150,148,,
2024-07,Dacoity,1,1,0,0,12,12,15,15,,
2024-07,Prep.for Dacoity,0,0,1,1,6,6,13,13,,
2024-07,Robbery,22,18,53,50,333,326,361,346,,
2024-07,Robbery Chain Snatching,3,2,16,9,81,72,71,65,,
2024-07,Att.to.C.Robbery,5,4,1,0,12,11,11,11,,
2024-07,Extortion,8,3,15,9,126,104,150,106,,
2024-07,H.B.T.Day,19,5,15,6,144,81,134,80,,
2024-07,H.B.T.Night.,105,34,110,41,636,367,625,409,,
2024-07,Thefts.,567,112,678,148,5696,1772,3368,1384,,
2024-07,M.V.Thefts.,199,39,223,52,1507,789,1501,789,,
2024-07,Snatching,10,1,0,0,10,1,0,0,,
2024-07,Hurt,256,203,394,337,2588,2465,2546,2408,,
2024-07,Riots.,23,19,23,18,184,178,158,135,,
2024-07,Rape,64,48,63,49,546,505,565,528,,
2024-07,Molestation,134,104,194,159,1305,1226,1246,1116,,
2024-07,Other I.P.C.,2539,1789,3479,2597,18974,15034,12470,8529,,
2024-06,Murder,8,8,11,11,56,54,70,69,,
2024-06,Att.to.C.Murder,21,21,28,26,178,175,135,133,,
2024-06,Dacoity,0,0,1,1,11,11,14,12,,
2024-06,Prep.for Dacoity,1,1,1,1,6,6,13,13,,
2024-06,Robbery,53,50,44,38,310,300,305,290,,
2024-06,Robbery Chain Snatching,16,9,13,8,78,64,64,56,,
2024-06,Att.to.C.Robbery,1,0,3,3,7,6,10,10,,
2024-06,Extortion,15,9,17,10,119,98,129,87,,
2024-06,H.B.T.Day,15,6,12,5,125,72,107,61,,
2024-06,H.B.T.Night.,110,41,94,24,531,311,516,315,,
2024-06,Thefts.,678,148,838,147,"5,129","1,556","2,878","1,121",,
2024-06,M.V.Thefts.,223,52,189,36,"1,307",676,5,3,,
2024-06,Snatching,16,9,13,8,78,64,"1,287",643,,
2024-06,Hurt,394,337,391,327,"2,333","2,224","2,280","2,074",,
2024-06,Riots.,23,18,31,27,161,155,139,112,,
2024-06,Rape,63,49,74,54,476,440,485,431,,
2024-06,Molestation,193,158,182,146,"1,171","1,096","1,081",926,,
2024-06,Other I.P.C.,"3,479","2,597","2,417","1,645","16,434","12,854","10,313","6,684",,
2024-05,Murder,11,11,10,8,48,46,52,51,,
2024-05,Att.to.C.Murder,28,26,42,39,157,154,117,115,,
2024-05,Dacoity,1,1,5,5,11,11,12,10,,
2024-05,Prep.for Dacoity,1,1,0,0,5,5,10,10,,
2024-05,Robbery,44,38,49,43,256,245,259,247,,
2024-05,Robbery Chain Snatching,13,8,14,9,62,52,50,42,,
2024-05,Att.to.C.Robbery,3,3,0,0,6,6,10,10,,
2024-05,Extortion,17,10,21,15,104,79,110,68,,
2024-05,H.B.T.Day,12,5,20,8,109,64,92,51,,
2024-05,H.B.T.Night.,94,24,70,30,422,248,442,253,,
2024-05,Thefts.,838,147,822,174,"4,451","1,298","2,425",915,,
2024-05,M.V.Thefts.,0,0,0,0,1,1,6,3,,
2024-05,Snatching,189,36,240,73,"1,084",557,"1,045",526,,
2024-05,Hurt,391,327,391,343,"1,940","1,827","1,931","1,722",,
2024-05,Riots.,31,27,22,19,137,131,118,92,,
2024-05,Rape,74,54,83,60,397,357,408,357,,
2024-05,Molestation,182,146,211,175,978,899,897,755,,
2024-05,Other I.P.C.,"2,417","1,645","2,400","1,611","12,968","9,930","8,802","5,567",,
2024-04,Murder,10,8,8,8,37,34,37,35,,
2024-04,Att.to.C.Murder,42,39,35,33,129,125,95,94,,
2024-04,Dacoity,5,5,1,1,10,10,12,10,,
2024-04,Prep.for Dacoity,0,0,1,1,4,4,9,9,,
2024-04,Robbery,49,43,62,57,212,202,210,199,,
2024-04,Robbery Chain Snatching,14,9,10,9,49,41,40,33,,
2024-04,Att.to.C.Robbery,0,0,0,0,3,3,9,9,,
2024-04,Extortion,21,15,21,11,87,67,86,54,,
2024-04,H.B.T.Day,20,8,31,10,97,55,72,39,,
2024-04,H.B.T.Night.,70,30,100,45,328,210,336,190,,
2024-04,Thefts.,822,174,940,215,"3,613","1,064","1,961",707,,
2024-04,M.V.Thefts.,0,0,0,0,1,1,5,3,,
2024-04,Snatching,240,73,221,85,895,478,820,410,,
2024-04,Hurt,391,343,495,421,"1,549","1,459","1,561","1,334",,
2024-04,Riots.,22,19,41,36,106,103,107,83,,
2024-04,Rape,83,60,81,65,316,280,325,285,,
2024-04,Molestation,211,175,231,186,796,723,713,572,,
2024-04,Other I.P.C.,"2,400","1,611","2,475","1,607","10,554","8,071","7,033","4,250",,
2024-03,Murder,8,8,8,8,27,26,27,26,,
2024-03,Att.to.C.Murder,35,33,26,24,87,85,72,69,,
2024-03,Dacoity,1,1,2,2,5,5,8,6,,
2024-03,Prep.for Dacoity,1,1,1,1,4,4,6,6,,
2024-03,Robbery,62,57,52,46,163,155,166,157,,
2024-03,Robbery Chain Snatching,10,9,14,8,35,30,28,25,,
2024-03,Att.to.C.Robbery,0,0,2,2,3,3,7,7,,
2024-03,Extortion,21,11,27,22,66,49,69,43,,
2024-03,H.B.T.Day,31,10,24,12,77,40,56,29,,
2024-03,H.B.T.Night.,100,45,86,48,258,159,250,151,,
2024-03,Thefts.,940,215,"1,050",210,"2,792",789,"1,466",505,,
2024-03,M.V.Thefts.,0,0,1,1,1,1,5,3,,
2024-03,Snatching,221,85,242,78,655,333,637,296,,
2024-03,Hurt,495,421,327,276,"1,158","1,062","1,155",955,,
2024-03,Riots.,41,36,16,15,84,78,83,64,,
2024-03,Rape,81,65,67,54,225,201,238,202,,
2024-03,Molestation,231,186,168,140,585,515,534,429,,
2024-03,Other I.P.C.,"2,475","1,607","2,720","1,929","8,167","6,221","4,860","2,719",,
2024-02,Murder,8,8,9,8,17,17,20,19,,
2024-02,Att.to.C.Murder,26,24,27,27,54,52,42,39,,
2024-02,Dacoity,2,2,2,2,4,4,5,4,,
2024-02,Prep.for Dacoity,1,1,2,2,3,3,4,4,,
2024-02,Robbery,52,46,50,39,102,94,108,98,,
2024-02,Robbery Chain Snatching,14,8,10,6,24,18,16,14,,
2024-02,Att.to.C.Robbery,2,2,1,1,3,3,4,4,,
2024-02,Extortion,27,22,15,9,44,36,38,25,,
2024-02,H.B.T.Day,24,12,22,11,46,26,38,18,,
2024-02,H.B.T.Night.,86,48,72,37,158,96,187,97,,
2024-02,Thefts.,"1,050",210,801,207,"1,851",483,946,317,,
2024-02,M.V.Thefts.,1,1,0,0,1,1,3,2,,
2024-02,Snatching,242,78,191,51,434,181,431,191,,
2024-02,Hurt,327,276,340,285,665,589,716,560,,
2024-02,Riots.,16,15,28,23,43,39,51,38,,
2024-02,Rape,67,54,60,47,135,112,141,116,,
2024-02,Molestation,168,140,184,152,353,310,346,273,,
2024-02,Other I.P.C.,"2,720","1,929","2,991","2,289","5,702","4,365","3,079","1,627",,
2024-01,Murder,9,8,10,9,9,8,10,10,,
2024-01,Att.to.C.Murder,27,27,16,15,27,27,18,18,,
2024-01,Dacoity,2,2,2,2,2,2,3,3,,
2024-01,Prep.for Dacoity,2,2,0,0,2,2,3,3,,
2024-01,Robbery,50,39,55,47,50,39,58,52,,
2024-01,Robbery Chain Snatching,10,6,4,2,10,6,9,7,,
2024-01,Att.to.C.Robbery,1,1,4,1,1,1,2,2,,
2024-01,Extortion,15,9,29,23,15,9,18,8,,
2024-01,H.B.T.Day,22,11,19,4,22,11,21,8,,
2024-01,H.B.T.Night.,72,37,81,27,72,37,94,45,,
2024-01,Thefts.,801,207,554,182,801,207,519,159,,
2024-01,M.V.Thefts.,0,0,1,0,0,0,3,1,,
2024-01,Snatching,191,51,227,52,191,51,238,83,,
2024-01,Hurt,340,285,390,331,340,285,351,267,,
2024-01,Riots.,28,23,17,15,28,23,27,21,,
2024-01,Rape,60,47,80,61,60,47,78,59,,
2024-01,Molestation,184,152,197,175,184,152,172,125,,
2024-01,Other I.P.C.,"2,991","2,289","3,615","3,029","2,991","2,289","1,560",808,,
2023-12,Murder,10,9,8,8,123,118,133,129,,
2023-12,Att.to.C.Murder,16,15,41,35,292,290,244,239,,
2023-12,Dacoity,2,2,2,2,25,24,20,20,,
2023-12,Prep.for Dacoity,0,0,0,0,23,23,14,14,,
2023-12,Robbery,55,47,45,40,642,628,846,727,,
2023-12,Robbery Chain Snatching,4,2,7,7,116,111,190,158,,
2023-12,Att.to.C.Robbery,4,1,3,3,20,17,26,23,,
2023-12,Extortion,29,23,17,9,258,208,308,205,,
2023-12,H.B.T.Day,19,4,15,10,228,151,245,133,,
2023-12,H.B.T.Night.,81,27,85,28,"1,073",757,"1,375",837,,
2023-12,Thefts.,554,182,662,173,"6,675","2,835","14,805","3,244",,
2023-12,M.V.Thefts.,1,0,1,1,14,11,13,5,,
2023-12,Snatching,227,52,229,66,"2,671","1,564","3,058","1,588",,
2023-12,Hurt,390,331,428,351,"4,441","4,306","4,633","4,230",,
2023-12,Riots.,17,15,29,26,292,285,289,260,,
2023-12,Rape,80,61,53,42,973,933,984,912,,
2023-12,Molestation,197,175,184,143,"2,163","2,054","2,349","1,957",,
2023-12,Other I.P.C.,"3,615","3,029","2,585","1,929","25,840","20,676","40,835","33,185",,
2023-11,Murder,8,8,12,11,113,109,120,117,,
2023-11,Att.to.C.Murder,41,35,28,26,275,268,227,224,,
2023-11,Dacoity,2,2,0,0,23,22,19,19,,
2023-11,Prep.for Dacoity,0,0,1,1,23,23,14,14,,
2023-11,Robbery,45,40,57,53,586,574,801,682,,
2023-11,Robbery Chain Snatching,7,7,18,13,112,108,181,144,,
2023-11,Att.to.C.Robbery,3,3,0,0,16,16,24,19,,
2023-11,Extortion,17,9,17,13,229,177,288,187,,
2023-11,H.B.T.Day,15,10,20,4,207,133,228,115,,
2023-11,H.B.T.Night.,85,28,92,45,992,683,"1,295",780,,
2023-11,Thefts.,662,173,691,193,"6,120","2,471","14,203","2,943",,
2023-11,M.V.Thefts.,1,1,0,0,13,11,12,5,,
2023-11,Snatching,229,66,264,77,"2,445","1,384","2,802","1,430",,
2023-11,Hurt,428,351,437,364,"4,052","3,884","4,244","3,826",,
2023-11,Riots.,29,26,36,30,271,260,267,238,,
2023-11,Rape,53,42,83,62,878,847,885,804,,
2023-11,Molestation,184,143,213,179,"1,968","1,835","2,146","1,734",,
2023-11,Other I.P.C.,"2,585","1,929","2,523","1,772","22,246","16,920","39,024","31,762",,
2023-10,Murder,12,11,5,3,105,100,113,110,,
2023-10,Att.to.C.Murder,28,26,28,27,234,230,212,208,,
2023-10,Dacoity,0,0,2,2,21,19,16,16,,
2023-10,Prep.for Dacoity,1,1,4,4,23,23,14,14,,
2023-10,Robbery,57,53,61,57,542,532,746,625,,
2023-10,Robbery Chain Snatching,18,13,9,8,105,96,172,136,,
2023-10,Att.to.C.Robbery,0,0,0,0,13,13,23,18,,
2023-10,Extortion,17,13,21,11,211,162,271,174,,
2023-10,H.B.T.Day,20,4,20,7,193,115,209,105,,
2023-10,H.B.T.Night.,92,45,94,33,905,623,"1,201",711,,
2023-10,Thefts.,691,193,806,207,"5,461","2,209","13,672","2,696",,
2023-10,M.V.Thefts.,0,0,2,2,12,10,9,4,,
2023-10,Snatching,264,77,200,43,"2,215","1,247","2,598","1,293",,
2023-10,Hurt,437,364,318,262,"3,624","3,472","3,943","3,533",,
2023-10,Riots.,36,30,26,21,241,225,241,211,,
2023-10,Rape,83,62,60,43,814,771,807,729,,
2023-10,Molestation,213,179,163,131,"1,783","1,661","1,957","1,563",,
2023-10,Other I.P.C.,"2,523","1,772","2,338","1,714","19,668","14,635","37,515","30,685",,
2023-09,Murder,5,3,9,9,91,86,101,99,,
2023-09,Att.to.C.Murder,28,27,29,29,208,205,190,181,,
2023-09,Dacoity,2,2,3,2,21,19,14,14,,
2023-09,Prep.for Dacoity,4,4,5,5,22,22,13,13,,
2023-09,Robbery,61,57,63,58,484,474,695,575,,
2023-09,Robbery Chain Snatching,9,8,7,6,87,83,159,121,,
2023-09,Att.to.C.Robbery,0,0,2,2,13,13,21,16,,
2023-09,Extortion,21,11,24,19,195,143,253,161,,
2023-09,H.B.T.Day,20,7,21,11,173,107,192,97,,
2023-09,H.B.T.Night.,94,33,92,49,813,550,"1,098",644,,
2023-09,Thefts.,806,207,603,183,"4,770","1,919","12,996","2,462",,
2023-09,M.V.Thefts.,2,2,1,1,12,10,9,4,,
2023-09,Snatching,200,43,252,70,"1,951","1,083","2,373","1,172",,
2023-09,Hurt,318,262,324,268,"3,187","3,053","3,490","3,110",,
2023-09,Riots.,26,21,19,15,203,191,225,196,,
2023-09,Rape,60,43,78,64,723,682,728,655,,
2023-09,Molestation,163,131,163,130,"1,572","1,455","1,767","1,395",,
2023-09,Other I.P.C.,"2,338","1,714","2,362","1,645","17,151","12,550","36,189","29,868",,
2023-08,Murder,,,,,,,,,,
2023-08,Att.to.C.Murder,,,,,,,,,,
2023-08,Dacoity,,,,,,,,,,
2023-08,Prep.for Dacoity,,,,,,,,,,
2023-08,Robbery,,,,,,,,,,
2023-08,Robbery Chain Snatching,,,,,,,,,,
2023-08,Att.to.C.Robbery,,,,,,,,,,
2023-08,Extortion,,,,,,,,,,
2023-08,H.B.T.Day,,,,,,,,,,
2023-08,H.B.T.Night.,,,,,,,,,,
2023-08,Thefts.,,,,,,,,,,
2023-08,M.V.Thefts.,,,,,,,,,,
2023-08,Snatching,,,,,,,,,,
2023-08,Hurt,,,,,,,,,,
2023-08,Riots.,,,,,,,,,,
2023-08,Rape,,,,,,,,,,
2023-08,Molestation,,,,,,,,,,
2023-08,Other I.P.C.,,,,,,,,,,
2023-07,Murder,5,3,16,16,76,73,85,81,,
2023-07,Att.to.C.Murder,15,15,19,18,150,148,152,147,,
2023-07,Dacoity,1,1,2,2,15,15,7,7,,
2023-07,Prep.for Dacoity,0,0,3,3,13,13,11,11,,
2023-07,Robbery,55,47,45,36,361,346,582,470,,
2023-07,Robbery Chain Snatching,7,7,14,9,71,65,131,97,,
2023-07,Att.to.C.Robbery,1,1,0,0,11,11,18,13,,
2023-07,Extortion,23,14,18,12,150,106,204,127,,
2023-07,H.B.T.Day,27,13,17,7,134,80,149,77,,
2023-07,H.B.T.Night.,107,48,72,28,625,409,840,492,,
2023-07,Thefts.,484,164,454,144,"3,359","1,377","11,427","1,804",,
2023-07,M.V.Thefts.,4,4,0,0,9,7,8,2,,
2023-07,Snatching,215,58,240,57,"1,501",789,"1,898",897,,
2023-07,Hurt,266,224,351,272,"2,546","2,408","2,788","2,479",,
2023-07,Riots.,19,13,20,17,158,135,192,161,,
2023-07,Rape,72,60,64,52,565,528,580,514,,
2023-07,Molestation,165,135,183,134,"1,246","1,116","1,429","1,083",,
2023-07,Other I.P.C.,"2,164","1,498","1,526",887,"12,470","8,529","33,600","28,287",,
2023-06,Murder,16,16,14,14,70,69,69,67,,
2023-06,Att.to.C.Murder,19,18,23,22,135,133,135,130,,
2023-06,Dacoity,2,2,0,0,14,12,6,6,,
2023-06,Prep.for Dacoity,3,3,1,1,13,13,11,11,,
2023-06,Robbery,45,36,50,41,305,290,516,401,,
2023-06,Robbery Chain Snatching,14,9,9,5,64,56,109,78,,
2023-06,Att.to.C.Robbery,0,0,1,1,10,10,13,11,,
2023-06,Extortion,18,12,23,12,129,87,170,109,,
2023-06,H.B.T.Day,17,7,19,10,107,61,129,57,,
2023-06,H.B.T.Night.,72,28,106,41,516,315,714,392,,
2023-06,Thefts.,454,144,465,143,"2,878","1,121","10,265","1,414",,
2023-06,M.V.Thefts.,0,0,1,0,5,3,7,2,,
2023-06,Snatching,240,57,225,63,"1,287",643,"1,624",742,,
2023-06,Hurt,351,272,369,282,"2,280","2,074","2,489","2,117",,
2023-06,Riots.,20,17,12,6,139,112,176,144,,
2023-06,Rape,64,52,77,53,485,431,494,417,,
2023-06,Molestation,183,134,184,129,"1,081",926,"1,310",967,,
2023-06,Other I.P.C.,"1,526",887,"1,778","1,052","10,313","6,684","30,632","25,970",,
2023-05,Murder,14,14,10,9,52,51,51,49,,
2023-05,Att.to.C.Murder,23,22,21,21,117,115,110,102,,
2023-05,Dacoity,0,0,2,2,12,10,5,5,,
2023-05,Prep.for Dacoity,1,1,3,3,10,10,10,10,,
2023-05,Robbery,50,41,46,41,259,247,443,329,,
2023-05,Robbery Chain Snatching,9,5,12,8,50,42,97,60,,
2023-05,Att.to.C.Robbery,1,1,2,2,10,10,12,8,,
2023-05,Extortion,23,12,17,7,110,68,125,85,,
2023-05,H.B.T.Day,19,10,16,9,92,51,114,44,,
2023-05,H.B.T.Night.,106,41,87,33,442,253,595,309,,
2023-05,Thefts.,465,143,493,139,"2,425",915,"7,896","1,042",,
2023-05,M.V.Thefts.,1,0,0,0,6,3,5,1,,
2023-05,Snatching,225,63,183,53,"1,045",526,"1,315",534,,
2023-05,Hurt,369,282,410,313,"1,931","1,722","2,098","1,755",,
2023-05,Riots.,12,6,25,17,118,92,149,118,,
2023-05,Rape,77,53,78,61,408,357,405,341,,
2023-05,Molestation,184,129,178,121,897,755,"1,106",800,,
2023-05,Other I.P.C.,"1,778","1,052","2,179","1,359","8,802","5,567","24,045","20,197",,
2023-04,Murder,10,9,7,6,37,35,41,39,,
2023-04,Att.to.C.Murder,21,21,30,29,95,94,80,74,,
2023-04,Dacoity,2,2,3,2,12,10,5,5,,
2023-04,Prep.for Dacoity,3,3,2,2,9,9,9,9,,
2023-04,Robbery,46,41,57,52,210,199,356,254,,
2023-04,Robbery Chain Snatching,12,8,12,9,40,33,75,48,,
2023-04,Att.to.C.Robbery,2,2,3,3,9,9,10,6,,
2023-04,Extortion,17,7,30,13,86,54,95,61,,
2023-04,H.B.T.Day,16,9,19,7,72,39,87,35,,
2023-04,H.B.T.Night.,87,33,62,28,336,190,466,236,,
2023-04,Thefts.,493,139,520,139,"1,961",707,"4,957",717,,
2023-04,M.V.Thefts.,0,0,2,1,5,3,5,1,,
2023-04,Snatching,183,53,205,56,820,410,"1,007",382,,
2023-04,Hurt,410,313,439,324,"1,561","1,334","1,599","1,300",,
2023-04,Riots.,25,17,32,22,107,83,121,95,,
2023-04,Rape,78,61,90,72,325,285,304,247,,
2023-04,Molestation,178,121,189,131,713,572,839,603,,
2023-04,Other I.P.C.,"2,179","1,359","1,800",921,"7,033","4,250","16,984","13,985",,
2023-03,Murder,7,6,10,9,27,26,29,29,,
2023-03,Att.to.C.Murder,30,29,24,21,72,69,52,50,,
2023-03,Dacoity,3,2,1,0,8,6,5,5,,
2023-03,Prep.for Dacoity,2,2,1,1,6,6,7,7,,
2023-03,Robbery,57,52,51,44,166,157,211,164,,
2023-03,Robbery Chain Snatching,12,9,7,6,28,25,59,31,,
2023-03,Att.to.C.Robbery,3,3,2,2,7,7,6,4,,
2023-03,Extortion,30,13,21,11,69,43,58,38,,
2023-03,H.B.T.Day,19,7,17,6,56,29,62,26,,
2023-03,H.B.T.Night.,62,28,93,36,250,151,333,167,,
2023-03,Thefts.,520,139,427,123,"1,466",505,"1,533",458,,
2023-03,M.V.Thefts.,2,1,0,0,5,3,3,1,,
2023-03,Snatching,205,56,193,71,637,296,721,254,,
2023-03,Hurt,439,324,365,251,"1,155",955,"1,114",912,,
2023-03,Riots.,32,22,24,15,83,64,75,57,,
2023-03,Rape,90,72,60,43,238,202,205,168,,
2023-03,Molestation,189,131,175,131,534,429,561,407,,
2023-03,Other I.P.C.,"1,800",921,"1,522",724,"4,860","2,719","8,570","6,667",,
2023-04,Murder,10,9,10,10,20,19,21,19,,
2023-02,Att.to.C.Murder,24,21,18,18,42,39,31,27,,
2023-02,Dacoity,1,0,3,3,5,4,3,3,,
2023-02,Prep.for Dacoity,1,1,3,3,4,4,7,7,,
2023-02,Robbery,51,44,58,52,108,98,119,94,,
2023-02,Robbery Chain Snatching,7,6,9,7,16,14,30,17,,
2023-02,Att.to.C.Robbery,2,2,2,2,4,4,2,2,,
2023-02,Extortion,21,11,18,8,38,25,36,25,,
2023-02,H.B.T.Day,17,6,21,8,38,18,35,12,,
2023-02,H.B.T.Night.,93,36,94,45,187,97,207,107,,
2023-02,Thefts.,427,123,519,159,946,317,671,274,,
2023-02,M.V.Thefts.,0,0,3,1,3,2,4,1,,
2023-02,Snatching,193,71,238,83,431,191,436,140,,
2023-02,Hurt,365,251,351,267,716,560,608,512,,
2023-02,Riots.,24,15,27,21,51,38,39,25,,
2023-02,Rape,60,43,78,59,141,116,120,99,,
2023-02,Molestation,175,131,172,125,346,273,310,229,,
2023-02,Other I.P.C.,"1,522",724,"1,560",808,"3,079","1,627","2,677","1,561",,
2023-01,Murder,10,10,11,10,10,10,8,7,,
2023-01,Att.to.C.Murder,18,18,17,15,18,18,12,12,,
2023-01,Dacoity,3,3,0,0,3,3,2,2,,
2023-01,Prep.for Dacoity,3,3,0,0,3,3,3,3,,
2023-01,Robbery,58,52,46,38,58,52,64,50,,
2023-01,Robbery Chain Snatching,9,7,8,7,9,7,9,5,,
2023-01,Att.to.C.Robbery,2,2,2,2,2,2,1,1,,
2023-01,Extortion,18,8,22,12,18,8,18,8,,
2023-01,H.B.T.Day,21,8,17,10,21,8,18,4,,
2023-01,H.B.T.Night.,94,45,80,25,94,45,101,37,,
2023-01,Thefts.,519,159,601,142,519,159,328,116,,
2023-01,M.V.Thefts.,3,1,1,0,3,1,0,0,,
2023-01,Snatching,238,83,256,68,238,83,242,73,,
2023-01,Hurt,351,267,395,286,351,267,318,261,,
2023-01,Riots.,27,21,22,12,27,21,17,11,,
2023-01,Rape,78,59,92,72,78,59,62,48,,
2023-01,Molestation,172,125,221,168,172,125,143,97,,
2023-01,Other I.P.C.,"1,560",808,"1,803",980,"1,560",808,"1,279",656,,
2022-12,Murder,11,10,6,6,133,129,162,160,,
2022-12,Att.to.C.Murder,17,15,15,15,244,239,349,340,,
2022-12,Dacoity,0,0,1,1,20,20,16,16,,
2022-12,Prep.for Dacoity,,,,,,,,,,
2022-12,Robbery,46,38,56,46,846,727,712,649,,
2022-12,Robbery Chain Snatching,8,7,9,4,190,158,149,120,,
2022-12,Att.to.C.Robbery,,,,,,,,,,
2022-12,Extortion,22,12,17,8,308,205,280,229,,
2022-12,H.B.T.Day,48.5,17.5,56.5,19,810,485,841.5,467.5,,
2022-12,H.B.T.Night.,48.5,17.5,56.5,19,810,485,841.5,467.5,,
2022-12,Thefts.,602,142,535,114,"14,818","3,249","4,534","1,870",,
2022-12,M.V.Thefts.,256,68,203,57,"3,058","1,588","3,282","1,599",,
2022-12,Snatching,,,,,,,,,,
2022-12,Hurt,395,286,304,207,"4,633","4,230","4,262","3,971",,
2022-12,Riots.,22,12,25,18,289,260,318,285,,
2022-12,Rape,92,72,65,43,984,912,888,793,,
2022-12,Molestation,221,168,190,130,"2,349","1,957","2,076","1,751",,
2022-12,Other I.P.C.,"1,805",982,"1,515",744,"40,875","33,222","45,945","40,475",,
2022-11,Murder,6,6,12,11,120,117,152,150,,
2022-11,Att.to.C.Murder,15,15,22,21,227,224,332,321,,
2022-11,Dacoity,1,1,2,2,19,19,13,13,,
2022-11,Prep.for Dacoity,,,,,,,,,,
2022-11,Robbery,57,47,54,45,825,701,689,633,,
2022-11,Robbery Chain Snatching,9,4,13,9,181,144,141,108,,
2022-11,Att.to.C.Robbery,,,,,,,,,,
2022-11,Extortion,17,8,15,7,288,187,252,203,,
2022-11,H.B.T.Day,56.5,19,59,16.5,761.5,447.6,781.5,425,,
2022-11,H.B.T.Night.,56.5,19,59,16.5,761.5,447.6,781.5,425,,
2022-11,Thefts.,535,114,678,145,"14,215","2,948","4,098","1,642",,
2022-11,M.V.Thefts.,203,57,225,38,"2,802","1,430","3,012","1,424",,
2022-11,Snatching,,,,,,,,,,
2022-11,Hurt,304,207,454,338,"4,244","3,826","3,979","3,691",,
2022-11,Riots.,25,18,17,11,267,238,299,260,,
2022-11,Rape,65,43,70,53,885,804,828,737,,
2022-11,Molestation,190,130,187,119,"2,146","1,734","1,916","1,606",,
2022-11,Other I.P.C.,"1,514",743,"1,339",559,"39,038","31,776","44,220","39,107",,
2022-10,Murder,12,11,5,5,113,110,140,138,,
2022-10,Att.to.C.Murder,22,21,25,22,212,208,307,300,,
2022-10,Dacoity,2,2,4,4,16,16,12,12,,
2022-10,Prep.for Dacoity,,,,,,,,,,
2022-10,Robbery,54,45,64,54,769,643,632,580,,
2022-10,Robbery Chain Snatching,13,9,16,4,172,136,123,95,,
2022-10,Att.to.C.Robbery,,,,,,,,,,
2022-10,Extortion,15,7,22,13,271,174,232,183,,
2022-10,H.B.T.Day,59,16.5,121.5,20.5,705,406,712.5,355.5,,
2022-10,H.B.T.Night.,59,16.5,121.5,20.5,705,406,712.5,355.5,,
2022-10,Thefts.,678,145,709,143,"13,681","2,700","3,716","1,450",,
2022-10,M.V.Thefts.,225,38,235,60,"2,598","1,293","2,773","1,280",,
2022-10,Snatching,,,,,,,,,,
2022-10,Hurt,454,338,355,226,"3,943","3,533","3,557","3,289",,
2022-10,Riots.,17,11,18,13,241,211,269,229,,
2022-10,Rape,70,53,67,49,807,729,762,668,,
2022-10,Molestation,187,119,188,122,"1,957","1,563","1,746","1,424",,
2022-10,Other I.P.C.,"1,339",559,"1,286",546,"37,529","30,699","43,013","38,276",,
2022-09,Murder,5,5,10,10,101,99,118,114,,
2022-09,Att.to.C.Murder,25,22,14,10,190,181,286,277,,
2022-09,Dacoity,4,4,1,1,14,14,12,12,,
2022-09,Prep.for Dacoity,,,,,,,,,,
2022-09,Robbery,64,54,52,38,716,591,557,509,,
2022-09,Robbery Chain Snatching,16,4,12,5,159,121,108,77,,
2022-09,Att.to.C.Robbery,,,,,,,,,,
2022-09,Extortion,22,13,27,12,253,161,212,167,,
2022-09,H.B.T.Day,143,41,159,59,"1,290",741,"1,273",665,,
2022-09,H.B.T.Night.,,,,,,,,,,
2022-09,Thefts.,709,143,860,204,"13,005","2,466","3,286","1,245",,
2022-09,M.V.Thefts.,235,60,238,67,"2,373","1,172","2,462","1,082",,
2022-09,Snatching,,,,,,,,,,
2022-09,Hurt,355,226,355,259,"3,490","3,110","3,157","2,893",,
2022-09,Riots.,18,13,12,6,225,196,243,204,,
2022-09,Rape,67,49,58,42,728,655,695,593,,
2022-09,Molestation,191,122,143,94,"1,767","1,395","1,488","1,197",,
2022-09,Other I.P.C.,"1,283",546,"1,335",574,"36,202","29,881","41,700","37,308",,
2022-08,Murder,10,10,16,13,95,92,109,106,,
2022-08,Att.to.C.Murder,14,10,17,14,165,157,260,251,,
2022-08,Dacoity,1,1,0,0,10,10,12,8,,
2022-08,Prep.for Dacoity,,,,,,,,,,
2022-08,Robbery,52,38,69,49,651,529,472,432,,
2022-08,Robbery Chain Snatching,12,5,22,13,143,107,94,61,,
2022-08,Att.to.C.Robbery,,,,,,,,,,
2022-08,Extortion,27,12,34,14,232,145,198,154,,
2022-08,H.B.T.Day,79.5,29.5,73,29,572.5,330,557.5,271,,
2022-08,H.B.T.Night.,79.5,29.5,73,29,572.5,330,557.5,271,,
2022-08,Thefts.,860,204,"1,164",198,"12,294","2,185","2,821","1,056",,
2022-08,M.V.Thefts.,238,67,275,62,"2,138","1,040","2,178",931,,
2022-08,Snatching,,,,,,,,,,
2022-08,Hurt,355,259,300,230,"3,142","2,809","2,836","2,577",,
2022-08,Riots.,12,6,15,9,203,172,217,180,,
2022-08,Rape,58,42,73,58,653,586,614,509,,
2022-08,Molestation,143,94,120,69,"1,570","1,221","1,252",995,,
2022-08,Other I.P.C.,"1,335",574,"2,984","1,994","34,933","29,145","40,163","36,195",,
2022-07,Murder,16,13,17,16,85,81,103,100,,
2022-07,Att.to.C.Murder,17,14,26,24,152,147,237,229,,
2022-07,Dacoity,0,0,1,1,7,7,12,8,,
2022-07,Prep.for Dacoity,,,,,,,,,,
2022-07,Robbery,69,49,75,51,600,483,411,373,,
2022-07,Robbery Chain Snatching,22,13,12,7,131,97,82,54,,
2022-07,Att.to.C.Robbery,,,,,,,,,,
2022-07,Extortion,34,14,45,18,204,127,179,136,,
2022-07,H.B.T.Day,146,58,134,56,989,569,957,460,,
2022-07,H.B.T.Night.,,,,,,,,,,
2022-07,Thefts.,"1,164",198,"2,368",204,"11,435","1,806","2,419",912,,
2022-07,M.V.Thefts.,275,62,309,102,"1,898",897,"1,898",791,,
2022-07,Snatching,,,,,,,,,,
2022-07,Hurt,300,230,396,276,"2,788","2,479","2,518","2,294",,
2022-07,Riots.,15,9,26,21,192,161,181,155,,
2022-07,Rape,73,58,73,48,580,514,550,445,,
2022-07,Molestation,120,69,196,110,"1,429","1,083","1,100",860,,
2022-07,Other I.P.C.,"2,984","1,994","6,614","5,566","33,611","28,298","38,390","34,915",,
2022-06,Murder,17,16,10,10,69,67,93,89,,
2022-06,Att.to.C.Murder,26,24,30,25,135,130,204,199,,
2022-06,Dacoity,1,1,0,0,6,6,9,6,,
2022-06,Prep.for Dacoity,,,,,,,,,,
2022-06,Robbery,75,51,89,55,529,412,345,304,,
2022-06,Robbery Chain Snatching,12,7,22,9,109,78,63,37,,
2022-06,Att.to.C.Robbery,,,,,,,,,,
2022-06,Extortion,45,18,29,19,170,109,143,114,,
2022-06,H.B.T.Day,67,28,78.5,24,421.5,224.5,392,180.5,,
2022-06,H.B.T.Night.,67,28,78.5,24,421.5,224.5,392,180.5,,
2022-06,Thefts.,"2,368",204,"2,939",189,"10,272","1,416","2,031",768,,
2022-06,M.V.Thefts.,309,102,308,71,"1,624",742,"1,621",645,,
2022-06,Snatching,,,,,,,,,,
2022-06,Hurt,396,276,498,364,"2,489","2,117","2,207","1,990",,
2022-06,Riots.,26,21,26,20,176,144,158,128,,
2022-06,Rape,73,48,95,70,494,417,475,369,,
2022-06,Molestation,196,110,268,156,"1,310",967,940,698,,
2022-06,Other I.P.C.,"6,614","5,566","7,075","6,012","30,643","25,981","34,299","31,290",,
2022-05,Murder,10,10,12,11,51,49,73,69,,
2022-05,Att.to.C.Murder,30,25,28,24,110,102,169,161,,
2022-05,Dacoity,0,0,0,0,5,5,8,6,,
2022-05,Prep.for Dacoity,,,,,,,,,,
2022-05,Robbery,89,55,153,83,455,337,300,265,,
2022-05,Robbery Chain Snatching,22,9,16,7,97,60,48,30,,
2022-05,Att.to.C.Robbery,,,,,,,,91,,
2022-05,Extortion,29,19,35,18,125,85,120,,,
2022-05,H.B.T.Day,78.5,24,80,25.5,354.5,176.5,320.5,147,,
2022-05,H.B.T.Night.,78.5,24,80,25.5,354.5,176.5,320.5,147,,
2022-05,Thefts.,"2,939",189,"3,422",186,"7,901","1,043","1,690",,,
2022-05,M.V.Thefts.,308,71,287,60,"1,315",534,"1,345",509,,
2022-05,Snatching,,,,,,,,"1,627",,
2022-05,Hurt,498,364,485,319,"2,098","1,755","1,874",,,
2022-05,Riots.,26,20,45,32,149,118,138,114,,
2022-05,Rape,95,70,88,52,405,341,395,295,,
2022-05,Molestation,268,156,277,154,"1,106",800,660,492,,
2022-05,Other I.P.C.,"7,075","6,012","8,429","7,182","24,055","20,207","26,824","24,247",,
2022-04,Murder,12,11,8,8,41,39,50,47,,
2022-04,Att.to.C.Murder,28,24,21,20,80,74,128,121,,
2022-04,Dacoity,0,0,1,1,5,5,7,5,,
2022-04,Prep.for Dacoity,,,,,,,,,,
2022-04,Robbery,153,83,95,58,366,260,246,215,,
2022-04,Robbery Chain Snatching,16,7,29,12,75,48,42,26,,
2022-04,Att.to.C.Robbery,,,,,,,,,,
2022-04,Extortion,35,18,22,11,95,61,99,72,,
2022-04,H.B.T.Day,80,25.5,76.5,59.5,276.5,165.5,268.5,118.5,,
2022-04,H.B.T.Night.,80,25.5,76.5,59.5,276.5,165.5,268.5,118.5,,
2022-04,Thefts.,"3,422",186,862,145,"4,962",718,"1,387",495,,
2022-04,M.V.Thefts.,287,60,285,79,"1,007",382,"1,098",405,,
2022-04,Snatching,,,,,,,,,,
2022-04,Hurt,485,319,506,362,"1,599","1,300","1,455","1,263",,
2022-04,Riots.,45,32,36,27,121,95,105,79,,
2022-04,Rape,88,52,79,57,304,247,312,234,,
2022-04,Molestation,277,154,250,152,839,603,660,492,,
2022-04,Other I.P.C.,"8,429","7,182","5,901","5,004","16,993","13,994","13,086","10,962",,
2022-03,Murder,8,8,13,12,29,29,43,41,,
2022-03,Att.to.C.Murder,21,20,18,14,52,50,100,95,,
2022-03,Dacoity,1,1,1,1,5,5,6,4,,
2022-03,Prep.for Dacoity,,,,,,,,,,
2022-03,Robbery,95,58,56,41,217,168,206,179,,
2022-03,Robbery Chain Snatching,29,12,21,11,59,31,38,22,,
2022-03,Att.to.C.Robbery,,,,,,,,,,
2022-03,Extortion,22,11,18,12,58,38,87,64,,
2022-03,H.B.T.Day,76.5,28.5,61.5,31,197.5,96.5,221.5,92,,
2022-03,H.B.T.Night.,76.5,28.5,61.5,31,197.5,96.5,221.5,92,,
2022-03,Thefts.,862,145,347,124,"1,536",459,"1,129",393,,
2022-03,M.V.Thefts.,285,79,194,42,721,254,901,299,,
2022-03,Snatching,,,,,,,,,,
2022-03,Hurt,506,362,291,224,"1,114",912,"1,134",963,,
2022-03,Riots.,36,27,22,13,75,57,78,56,,
2022-03,Rape,79,57,56,42,205,168,233,171,,
2022-03,Molestation,250,152,167,118,561,407,522,380,,
2022-03,Other I.P.C.,"5,901","5,004","1,404",820,"8,577","6,674","5,255","3,479",,
2022-02,Murder,13,12,8,7,21,19,28,27,,
2022-02,Att.to.C.Murder,18,14,12,12,31,27,66,60,,
2022-02,Dacoity,1,1,2,2,3,3,4,3,,
2022-02,Prep.for Dacoity,,,,,,,,,,
2022-02,Robbery,56,41,65,51,121,96,140,121,,
2022-02,Robbery Chain Snatching,21,11,9,5,30,17,24,11,,
2022-02,Att.to.C.Robbery,,,,,,,,,,
2022-02,Extortion,18,12,18,8,36,25,62,48,,
2022-02,H.B.T.Day,62.5,31,59.5,20.5,121,59.5,164,63.5,,
2022-02,H.B.T.Night.,62.5,31,59.5,20.5,121,59.5,164,63.5,,
2022-02,Thefts.,347,124,328,116,675,275,763,248,,
2022-02,M.V.Thefts.,194,42,242,73,436,140,573,156,,
2022-02,Snatching,,,,,,,,,,
2022-02,Hurt,291,224,318,261,608,512,699,592,,
2022-02,Riots.,22,13,17,11,39,25,51,32,,
2022-02,Rape,56,42,62,48,120,99,153,114,,
2022-02,Molestation,167,118,143,97,310,229,319,234,,
2022-02,Other I.P.C.,"1,404",820,"1,282",659,"2,684","1,568","2,958","1,707",,
2022-01,Murder,8,7,10,10,8,7,12,12,,
2022-01,Att.to.C.Murder,12,12,17,15,12,12,36,34,,
2022-01,Dacoity,2,2,2,2,2,2,1,1,,
2022-01,Prep.for Dacoity,,,,,,,,,,
2022-01,Robbery,65,51,60,43,65,51,77,65,,
2022-01,Robbery Chain Snatching,9,5,8,3,9,5,12,4,,
2022-01,Att.to.C.Robbery,,,,,,,,,,
2022-01,Extortion,18,8,27,21,18,8,31,20,,
2022-01,H.B.T.Day,59.5,20.5,60,20,59.5,20.5,88,26.5,,
2022-01,H.B.T.Night.,59.5,20.5,60,20,59.5,20.5,88,26.5,,
2022-01,Thefts.,328,116,437,129,328,116,412,125,,
2022-01,M.V.Thefts.,242,73,270,59,242,73,325,59,,
2022-01,Snatching,,,,,,,,,,
2022-01,Hurt,318,261,282,198,318,261,341,268,,
2022-01,Riots.,17,11,19,17,17,11,30,15,,
2022-01,Rape,62,48,55,40,62,48,75,49,,
2022-01,Molestation,143,97,153,108,143,97,169,125,,
2022-01,Other I.P.C.,"1,282",659,"1,702","1,000","1,282",659,"1,444",744,,
2021-12,Murder,10,10,12,12,162,160,148,141,,
2021-12,Att.to.C.Murder,17,15,24,20,349,340,348,335,,
2021-12,Dacoity,2,2,1,1,16,16,15,14,,
2021-12,Prep.for Dacoity,,,,,,,,,,
2021-12,Robbery,60,43,57,47,749,684,614,531,,
2021-12,Robbery Chain Snatching,8,3,18,5,149,120,138,104,,
2021-12,Att.to.C.Robbery,,,,,,,,,,
2021-12,Extortion,27,21,20,13,280,229,204,179,,
2021-12,H.B.T.Day,120,40,139,43,"1,683",935,"1,645",811,,
2021-12,H.B.T.Night.,,,,,,,,,,
2021-12,Thefts.,437,129,380,108,"4,534","1,870","3,433","1,195",,
2021-12,M.V.Thefts.,270,59,236,58,"3,282","1,599","2,801","1,085",,
2021-12,Snatching,,,,,,,,,,
2021-12,Hurt,282,198,421,320,"4,262","3,971","3,808","3,407",,
2021-12,Riots.,19,17,27,25,318,285,324,268,,
2021-12,Rape,55,40,58,43,888,793,767,658,,
2021-12,Molestation,153,108,194,144,"2,076","1,751","1,945","1,592",,
2021-12,Other I.P.C.,"1,702","1,000","1,190",594,"45,908","40,440","34,878","30,070",,
2021-11,Murder,12,12,22,22,152,150,136,130,,
2021-11,Att.to.C.Murder,24,20,21,20,332,321,321,309,,
2021-11,Dacoity,1,1,0,0,13,13,14,13,,
2021-11,Prep.for Dacoity,,,,,,,,,,
2021-11,Robbery,57,47,76,61,689,633,557,471,,
2021-11,Robbery Chain Snatching,18,5,15,10,141,108,128,93,,
2021-11,Att.to.C.Robbery,,,,,,,,,,
2021-11,Extortion,20,13,19,13,252,203,179,158,,
2021-11,H.B.T.Day,69.5,21.5,76.5,24.5,781.5,425,749.5,358,,
2021-11,H.B.T.Night.,69.5,21.5,76.5,24.5,781.5,425,749.5,358,,
2021-11,Thefts.,380,108,432,129,"4,098","1,642","3,036","1,025",,
2021-11,M.V.Thefts.,236,58,310,94,"3,012","1,424","2,517",900,,
2021-11,Snatching,,,,,,,,,,
2021-11,Hurt,421,320,401,322,"3,979","3,691","3,466","3,026",,
2021-11,Riots.,27,25,25,16,299,260,291,240,,
2021-11,Rape,58,43,54,38,828,737,693,582,,
2021-11,Molestation,194,144,268,208,"1,920","1,606","1,772","1,422",,
2021-11,Other I.P.C.,"1,190",594,"1,314",664,"44,216","39,107","33,147","28,637",,
2021-10,Murder,22,22,8,7,140,138,124,118,,
2021-10,Att.to.C.Murder,21,20,22,19,307,300,283,274,,
2021-10,Dacoity,0,0,1,1,12,12,14,13,,
2021-10,Prep.for Dacoity,,,,,,,,,,
2021-10,Robbery,76,61,80,63,632,580,477,405,,
2021-10,Robbery Chain Snatching,15,10,11,6,123,95,108,76,,
2021-10,Att.to.C.Robbery,,,,,,,,,,
2021-10,Extortion,19,13,14,10,232,183,158,134,,
2021-10,H.B.T.Day,76.5,24.5,72.5,31,712.5,385.5,673.5,320,,
2021-10,H.B.T.Night.,76.5,24.5,72.5,31,712.5,385.5,673.5,320,,
2021-10,Thefts.,432,129,423,107,"3,716","1,450","2,676",891,,
2021-10,M.V.Thefts.,310,94,262,67,"2,773","1,280","2,223",752,,
2021-10,Snatching,,,,,,,,,,
2021-10,Hurt,401,322,310,251,"3,557","3,289","3,026","2,622",,
2021-10,Riots.,25,16,27,19,269,229,248,200,,
2021-10,Rape,54,38,66,50,762,668,616,518,,
2021-10,Molestation,268,208,215,150,"1,746","1,424","1,543","1,228",,
2021-10,Other I.P.C.,"1,314",664,"1,434",820,"43,013","38,276","31,655","27,272",,
2021-09,Murder,8,7,6,5,118,114,107,102,,
2021-09,Att.to.C.Murder,22,19,24,22,286,277,227,218,,
2021-09,Dacoity,1,1,0,0,12,12,11,10,,
2021-09,Prep.for Dacoity,,,,,,,,,,
2021-09,Robbery,80,63,66,55,557,509,409,348,,
2021-09,Robbery Chain Snatching,11,6,15,3,108,77,92,57,,
2021-09,Att.to.C.Robbery,,,,,,,,,,
2021-09,Extortion,14,10,19,13,212,167,137,115,,
2021-09,H.B.T.Day,72.5,31,86,22.5,636.5,332.5,593.5,266.5,,
2021-09,H.B.T.Night.,72.5,31,86,22.5,636.5,332.5,593.5,266.5,,
2021-09,Thefts.,423,107,445,111,"3,286","1,245","2,282",743,,
2021-09,M.V.Thefts.,262,67,301,61,"2,462","1,082","1,902",595,,
2021-09,Snatching,,,,,,,,,,
2021-09,Hurt,310,251,337,259,"3,157","2,893","2,564","2,209",,
2021-09,Riots.,27,19,35,20,243,204,213,165,,
2021-09,Rape,66,50,59,44,695,593,527,430,,
2021-09,Molestation,215,150,156,100,"1,488","1,197","1,313","1,008",,
2021-09,Other I.P.C.,"1,434",820,"1,900","1,206","41,700","37,308","29,624","25,651",,
2021-08,Murder,6,5,9,9,109,106,92,85,,
2021-08,Att.to.C.Murder,24,22,32,28,261,252,203,193,,
2021-08,Dacoity,0,0,3,2,12,8,10,8,,
2021-08,Prep.for Dacoity,,,,,,,,,,
2021-08,Robbery,66,55,66,58,477,434,355,299,,
2021-08,Robbery Chain Snatching,15,3,19,6,97,62,77,45,,
2021-08,Att.to.C.Robbery,,,,,,,,,,
2021-08,Extortion,19,13,36,21,198,154,121,99,,
2021-08,H.B.T.Day,86,27.5,86.5,27,563.5,274.5,505,225.5,,
2021-08,H.B.T.Night.,86,27.5,86.5,27,563.5,274.5,505,225.5,,
2021-08,Thefts.,445,111,388,93,"2,863","1,067","2,001",624,,
2021-08,M.V.Thefts.,301,61,275,60,"2,199",940,"1,609",484,,
2021-08,Snatching,,,,,,,,,,
2021-08,Hurt,337,259,313,250,"2,856","2,600","2,236","1,878",,
2021-08,Riots.,35,20,23,18,217,179,189,144,,
2021-08,Rape,59,44,58,35,619,514,440,346,,
2021-08,Molestation,156,100,152,95,"1,258",995,"1,117",836,,
2021-08,Other I.P.C.,"1,900","1,206","4,079","3,438","40,284","36,282","27,602","24,042",,
2021-07,Murder,9,9,19,18,103,100,82,76,,
2021-07,Att.to.C.Murder,32,28,35,35,237,229,179,166,,
2021-07,Dacoity,3,2,1,0,12,8,8,6,,
2021-07,Prep.for Dacoity,,,,,,,,,,
2021-07,Robbery,66,58,44,34,411,373,302,254,,
2021-07,Robbery Chain Snatching,19,6,15,4,82,54,61,40,,
2021-07,Att.to.C.Robbery,,,,,,,,,,
2021-07,Extortion,36,21,22,16,179,136,105,87,,
2021-07,H.B.T.Day,173,54,141,39,957,460,840,353,,
2021-07,H.B.T.Night.,,,,,,,,,,
2021-07,Thefts.,388,93,342,91,"2,419",912,"1,719",519,,
2021-07,M.V.Thefts.,275,60,276,63,"1,898",791,"1,359",390,,
2021-07,Snatching,,,,,,,,,,
2021-07,Hurt,313,250,323,264,"2,518","2,294","1,987","1,642",,
2021-07,Riots.,23,18,29,20,181,155,171,120,,
2021-07,Rape,58,35,66,44,550,445,377,299,,
2021-07,Molestation,152,95,146,89,"1,100",860,985,733,,
2021-07,Other I.P.C.,"4,079","3,438","7,598","6,925","38,390","34,915","25,499","22,249",,
2021-06,Murder,19,18,22,20,93,89,72,66,,
2021-06,Att.to.C.Murder,35,35,42,38,204,199,157,147,,
2021-06,Dacoity,1,0,0,0,9,6,5,4,,
2021-06,Prep.for Dacoity,,,,,,,,,,
2021-06,Robbery,44,34,55,48,345,304,268,226,,
2021-06,Robbery Chain Snatching,15,4,6,4,63,37,56,36,,
2021-06,Att.to.C.Robbery,,,,,,,,,,
2021-06,Extortion,22,16,21,15,143,114,93,81,,
2021-06,H.B.T.Day,70.5,19.5,52.5,18.5,392,180.5,332,136,,
2021-06,H.B.T.Night.,70.5,19.5,52.5,18.5,392,180.5,332,136,,
2021-06,Thefts.,342,91,303,106,"2,031",768,"1,509",448,,
2021-06,M.V.Thefts.,276,63,247,49,"1,621",645,"1,118",268,,
2021-06,Snatching,,,,,,,,,,
2021-06,Hurt,323,264,419,322,"2,207","1,990","1,768","1,379",,
2021-06,Riots.,29,20,33,28,158,128,144,98,,
2021-06,Rape,66,44,71,43,475,369,324,251,,
2021-06,Molestation,146,89,136,86,939,697,900,657,,
2021-06,Other I.P.C.,"7,598","6,925","13,613","13,063","34,300","31,291","17,769","15,048",,
2021-05,Murder,22,20,7,6,73,69,58,53,,
2021-05,Att.to.C.Murder,42,38,27,24,169,161,122,116,,
2021-05,Dacoity,0,0,1,1,8,6,5,4,,
2021-05,Prep.for Dacoity,,,,,,,,,,
2021-05,Robbery,55,48,40,28,300,265,247,206,,
2021-05,Robbery Chain Snatching,6,4,4,2,48,30,44,34,,
2021-05,Att.to.C.Robbery,,,,,,,,,,
2021-05,Extortion,21,15,12,5,120,91,84,74,,
2021-05,H.B.T.Day,52.5,18.5,47.5,15.5,320.5,147,279.5,115.5,,
2021-05,H.B.T.Night.,52.5,18.5,47.5,15.5,320.5,147,279.5,115.5,,
2021-05,Thefts.,303,106,258,66,"1,690",632,"1,383",416,,
2021-05,M.V.Thefts.,247,49,198,39,"1,345",509,883,220,,
2021-05,Snatching,,,,,,,,,,
2021-05,Hurt,419,322,321,246,"1,874","1,627","1,466","1,122",,
2021-05,Riots.,33,28,27,19,138,114,132,94,,
2021-05,Rape,71,43,66,41,395,295,276,220,,
2021-05,Molestation,136,86,139,94,792,599,797,594,,
2021-05,Other I.P.C.,"13,613","13,063","7,844","7,326","26,692","24,140","12,994","10,671",,
2021-04,Murder,7,6,15,14,50,47,47,42,,
2021-04,Att.to.C.Murder,27,24,34,32,128,121,104,98,,
2021-04,Dacoity,1,1,2,1,7,5,4,3,,
2021-04,Prep.for Dacoity,,,,,,,,,,
2021-04,Robbery,40,28,66,54,246,215,237,201,,
2021-04,Robbery Chain Snatching,4,2,14,7,42,26,42,32,,
2021-04,Att.to.C.Robbery,,,,,,,,,,
2021-04,Extortion,12,5,25,14,99,72,80,72,,
2021-04,H.B.T.Day,95,31,115,28,537,237,510,222,,
2021-04,H.B.T.Night.,,,,,,,,,,
2021-04,Thefts.,258,66,366,104,"1,387",495,"1,332",407,,
2021-04,M.V.Thefts.,198,39,329,78,"1,098",405,725,214,,
2021-04,Snatching,,,,,,,,,,
2021-04,Hurt,321,246,435,340,"1,455","1,263","1,214","1,003",,
2021-04,Riots.,27,19,27,19,105,79,108,77,,
2021-04,Rape,66,41,70,40,312,234,256,206,,
2021-04,Molestation,138,93,201,134,660,492,741,569,,
2021-04,Other I.P.C.,"7,843","7,326","2,308","1,602","13,086","10,962","11,118","9,013",,
2021-03,Murder,15,14,15,14,43,41,39,35,,
2021-03,Att.to.C.Murder,34,32,31,26,100,95,93,89,,
2021-03,Dacoity,2,1,2,1,6,4,4,3,,
2021-03,Prep.for Dacoity,,,,,,,,,,
2021-03,Robbery,66,54,63,52,206,179,220,189,,
2021-03,Robbery Chain Snatching,14,7,12,2,38,22,42,32,,
2021-03,Att.to.C.Robbery,,,,,,,,,,
2021-03,Extortion,25,14,31,27,87,64,76,67,,
2021-03,H.B.T.Day,57.5,14,76.5,25,221.5,92,222,100.5,,
2021-03,H.B.T.Night.,57.5,14,76.5,25,221.5,92,222,100.5,,
2021-03,Thefts.,366,104,350,95,"1,129",393,"1,298",404,,
2021-03,M.V.Thefts.,329,78,248,50,901,299,641,203,,
2021-03,Snatching,,,,,,,,,,
2021-03,Hurt,435,340,359,287,"1,134",963,"1,080",918,,
2021-03,Riots.,27,19,21,12,78,56,94,71,,
2021-03,Rape,70,40,73,52,233,171,239,199,,
2021-03,Molestation,201,134,229,152,522,380,705,555,,
2021-03,Other I.P.C.,"2,308","1,602","1,440",832,"5,255","3,479","5,840","4,030",,
2021-02,Murder,15,14,12,12,28,27,27,25,,
2021-02,Att.to.C.Murder,31,26,36,34,66,60,65,62,,
2021-02,Dacoity,2,1,1,1,4,3,3,2,,
2021-02,Prep.for Dacoity,,,,,,,,,,
2021-02,Robbery,63,52,77,65,140,121,166,138,,
2021-02,Robbery Chain Snatching,12,2,12,4,24,11,28,18,,
2021-02,Att.to.C.Robbery,,,,,,,,,,
2021-02,Extortion,31,27,31,20,62,48,63,54,,
2021-02,H.B.T.Day,76.5,25,88,26.5,164,63.5,166.5,67,,
2021-02,H.B.T.Night.,76.5,25,88,26.5,164,63.5,166.5,67,,
2021-02,Thefts.,350,95,412,125,763,248,997,285,,
2021-02,M.V.Thefts.,248,50,325,59,573,156,448,141,,
2021-02,Snatching,,,,,,,,,,
2021-02,Hurt,359,287,341,268,699,592,758,627,,
2021-02,Riots.,21,12,30,15,51,32,51,37,,
2021-02,Rape,73,52,75,49,153,114,160,128,,
2021-02,Molestation,151,101,169,125,319,234,469,376,,
2021-02,Other I.P.C.,"1,518",883,"1,444",744,"2,958","1,707","3,587","2,164",,
2021-01,Murder,12,12,11,10,12,12,7,7,,
2021-01,Att.to.C.Murder,36,34,25,23,36,34,34,31,,
2021-01,Dacoity,1,1,1,1,1,1,1,1,,
2021-01,Prep.for Dacoity,,,,,,,,,,
2021-01,Robbery,77,65,56,42,77,65,87,74,,
2021-01,Robbery Chain Snatching,12,4,10,3,12,4,11,5,,
2021-01,Att.to.C.Robbery,,,,,,,,,,
2021-01,Extortion,31,20,26,20,31,20,25,19,,
2021-01,H.B.T.Day,88,26.5,73.5,22.5,88,26.5,95.5,33.5,,
2021-01,H.B.T.Night.,88,26.5,73.5,22.5,88,26.5,95.5,33.5,,
2021-01,Thefts.,412,125,398,86,412,125,514,156,,
2021-01,M.V.Thefts.,325,59,286,53,325,59,246,63,,
2021-01,Snatching,,,,,,,,,,
2021-01,Hurt,341,268,346,263,341,268,372,297,,
2021-01,Riots.,30,15,32,20,30,15,29,15,,
2021-01,Rape,75,49,62,45,75,49,80,60,,
2021-01,Molestation,169,125,171,118,169,125,224,172,,
2021-01,Other I.P.C.,"1,443",745,"1,742","1,130","1,443",745,"1,776",988,,
2020-12,Murder,11,10,12,11,148,141,165,158,,
2020-12,Att.to.C.Murder,25,23,38,33,348,335,343,334,,
2020-12,Dacoity,1,1,0,0,15,14,21,21,,
2020-12,Prep.for Dacoity,,,,,,,,,,
2020-12,Robbery,56,42,79,60,614,531,988,896,,
2020-12,Robbery Chain Snatching,10,3,20,9,138,104,156,128,,
2020-12,Att.to.C.Robbery,,,,,,,,,,
2020-12,Extortion,26,20,22,20,204,179,253,218,,
2020-12,H.B.T.Day,73.5,22.5,76,18.5,822.5,405.5,1029,482.5,,
2020-12,H.B.T.Night.,73.5,22.5,76,18.5,822.5,405.5,1029,482.5,,
2020-12,Thefts.,398,86,360,82,"3,433","1,195","5,888","2,126",,
2020-12,M.V.Thefts.,286,53,294,59,"2,801","1,085","2,693","1,157",,
2020-12,Snatching,,,,,,,,,,
2020-12,Hurt,346,263,442,319,"3,808","3,407","4,372","4,076",,
2020-12,Riots.,32,20,42,29,324,268,375,330,,
2020-12,Rape,62,45,65,42,767,658,"1,015",931,,
2020-12,Molestation,171,118,224,158,"1,945","1,592","2,678","2,277",,
2020-12,Other I.P.C.,"1,742","1,130","1,508",863,"34,878","30,070","20,926","15,185",,
2020-11,Murder,12,11,17,15,136,130,150,141,,
2020-11,Att.to.C.Murder,38,33,55,51,321,309,306,295,,
2020-11,Dacoity,0,0,2,2,14,13,18,17,,
2020-11,Prep.for Dacoity,,,,,,,,,,
2020-11,Robbery,79,60,69,46,557,471,892,812,,
2020-11,Robbery Chain Snatching,20,9,16,7,128,93,138,111,,
2020-11,Att.to.C.Robbery,,,,,,,,,,
2020-11,Extortion,22,20,21,18,179,158,221,185,,
2020-11,H.B.T.Day,76,28.5,80,21,749.5,358,944.5,431.5,,
2020-11,H.B.T.Night.,76,28.5,80,21,749.5,358,944.5,431.5,,
2020-11,Thefts.,360,82,396,100,"3,036","1,025","5,347","1,837",,
2020-11,M.V.Thefts.,294,59,322,59,"2,517",900,"2,438","1,004",,
2020-11,Snatching,,,,,,,,,,
2020-11,Hurt,442,319,464,315,"3,466","3,026","4,004","3,653",,
2020-11,Riots.,42,29,34,26,291,240,342,292,,
2020-11,Rape,65,42,80,61,693,582,913,816,,
2020-11,Molestation,224,158,230,159,"1,772","1,422","2,393","1,995",,
2020-11,Other I.P.C.,"1,508",863,"2,038","1,394","33,147","28,637","17,521","11,974",,
2020-10,Murder,17,15,14,14,124,118,137,128,,
2020-10,Att.to.C.Murder,55,51,23,21,283,274,278,266,,
2020-10,Dacoity,2,2,1,1,14,13,15,14,,
2020-10,Prep.for Dacoity,,,,,,,,,,
2020-10,Robbery,69,46,53,39,477,405,808,736,,
2020-10,Robbery Chain Snatching,16,7,15,7,108,76,129,99,,
2020-10,Att.to.C.Robbery,,,,,,,,,,
2020-10,Extortion,21,18,16,10,158,134,192,161,,
2020-10,H.B.T.Day,80,21,88,26,673.5,320,849.5,382,,
2020-10,H.B.T.Night.,80,21,88,26,673.5,320,849.5,382,,
2020-10,Thefts.,396,100,281,77,"2,676",891,"4,816","1,667",,
2020-10,M.V.Thefts.,322,59,293,49,"2,223",752,"2,214",906,,
2020-10,Snatching,,,,,,,,,,
2020-10,Hurt,464,315,329,242,"3,026","2,622","3,635","3,284",,
2020-10,Riots.,34,26,25,17,248,200,316,273,,
2020-10,Rape,80,61,78,55,616,518,821,726,,
2020-10,Molestation,230,159,199,129,"1,549","1,230","2,175","1,794",,
2020-10,Other I.P.C.,"2,038","1,394","2,029","1,459","31,649","27,270","15,882","10,841",,
2020-09,Murder,14,14,10,9,107,102,120,116,,
2020-09,Att.to.C.Murder,23,21,24,24,227,218,240,230,,
2020-09,Dacoity,1,1,2,1,11,10,14,13,,
2020-09,Prep.for Dacoity,,,,,,,,,,
2020-09,Robbery,53,39,53,41,409,348,727,665,,
2020-09,Robbery Chain Snatching,15,7,16,2,92,57,120,88,,
2020-09,Att.to.C.Robbery,,,,,,,,,,
2020-09,Extortion,16,10,16,9,137,115,176,146,,
2020-09,H.B.T.Day,88,26,85.5,26.5,593,266.5,770,337,,
2020-09,H.B.T.Night.,88,26,85.5,26.5,593,266.5,770,337,,
2020-09,Thefts.,281,77,282,79,"2,282",743,"4,286",1515,,
2020-09,M.V.Thefts.,293,49,250,36,"1,902",595,"1,995",814,,
2020-09,Snatching,,,,,,,,,,
2020-09,Hurt,329,242,249,171,"2,564","2,209","3,247","2,944",,
2020-09,Riots.,25,17,18,12,213,165,278,243,,
2020-09,Rape,78,55,54,34,527,430,742,661,,
2020-09,Molestation,199,129,129,84,"1,317","1,010","1,985","1,632",,
2020-09,Other I.P.C.,"2,029","1,459","2,114","1,677","29,620","25,649","14,498","9,982",,
2020-08,Murder,10,9,10,10,92,85,109,105,,
2020-08,Att.to.C.Murder,24,24,18,13,203,193,206,199,,
2020-08,Dacoity,2,1,3,2,10,8,12,12,,
2020-08,Prep.for Dacoity,,,,,,,,,,
2020-08,Robbery,53,41,34,23,355,299,659,603,,
2020-08,Robbery Chain Snatching,16,2,5,1,77,45,116,80,,
2020-08,Att.to.C.Robbery,,,,,,,,,,
2020-08,Extortion,16,9,12,6,121,99,153,126,,
2020-08,H.B.T.Day,85.5,26.5,88,23.5,505,225.5,686,293.5,,
2020-08,H.B.T.Night.,85.5,26.5,88,23.5,505,225.5,686,293.5,,
2020-08,Thefts.,282,79,210,40,"2,001",624,"3,801","1,363",,
2020-08,M.V.Thefts.,250,36,241,37,"1,609",484,"1,786",691,,
2020-08,Snatching,,,,,,,,,,
2020-08,Hurt,249,171,224,157,"2,236","1,878","2,937","2,656",,
2020-08,Riots.,18,12,24,16,189,144,244,214,,
2020-08,Rape,54,34,48,38,440,346,668,584,,
2020-08,Molestation,129,84,87,43,"1,117",836,"1,785","1,452",,
2020-08,Other I.P.C.,"2,114","1,677","7,735","7,211","27,602","24,042","13,177","8,980",,
2020-07,Murder,13,12,10,10,72,66,78,75,,
2020-07,Att.to.C.Murder,36,29,19,17,157,147,150,145,,
2020-07,Dacoity,0,0,1,1,5,4,10,9,,
2020-07,Prep.for Dacoity,,,,,,,,,,
2020-07,Robbery,21,15,10,3,268,226,477,414,,
2020-07,Robbery Chain Snatching,12,2,2,2,56,36,79,47,,
2020-07,Att.to.C.Robbery,,,,,,,,,,
2020-07,Extortion,9,6,4,2,93,81,105,79,,
2020-07,H.B.T.Day,52.5,13,24.5,4.5,332,131,489.5,204.5,,
2020-07,H.B.T.Night.,52.5,13,24.5,4.5,332,131,489.5,204.5,,
2020-07,Thefts.,126,25,51,7,"1,509",448,"2,774",948,,
2020-07,M.V.Thefts.,235,31,158,3,"1,118",268,"1,295",481,,
2020-07,Snatching,,,,,,,,,,
2020-07,Hurt,302,189,252,110,"1,768","1,379","2,315","2,018",,
2020-07,Riots.,12,2,24,15,144,98,211,178,,
2020-07,Rape,46,26,19,12,324,251,505,435,,
2020-07,Molestation,103,49,55,26,900,657,"1,343","1,044",,
2020-07,Other I.P.C.,"4,777","4,385","1,878","1,611","17,769","15,048","9,603","6,489",,
2020-06,Murder,10,10,13,12,82,76,94,92,,
2020-06,Att.to.C.Murder,18,13,36,29,179,166,186,180,,
2020-06,Dacoity,3,2,0,0,8,6,10,9,,
2020-06,Prep.for Dacoity,,,,,,,,,,
2020-06,Robbery,34,23,21,15,302,254,565,506,,
2020-06,Robbery Chain Snatching,5,1,12,2,61,40,91,59,,
2020-06,Att.to.C.Robbery,,,,,,,,,,
2020-06,Extortion,12,6,9,6,105,87,131,103,,
2020-06,H.B.T.Day,176,47,105,26,840,353,"1,182",475,,
2020-06,H.B.T.Night.,,,,,,,,,,
2020-06,Thefts.,210,40,126,25,"1,719",519,"3,315","1,142",,
2020-06,M.V.Thefts.,241,37,235,31,"1,359",390,"1,560",567,,
2020-06,Snatching,,,,,,,,,,
2020-06,Hurt,224,157,302,189,"1,987","1,642","2,620","2,333",,
2020-06,Riots.,24,16,12,2,171,120,230,200,,
2020-06,Rape,48,38,46,26,377,299,583,504,,
2020-06,Molestation,87,43,103,49,985,733,"1,546","1,241",,
2020-06,Other I.P.C.,"7,735","7,211","4,777","4,385","25,499","22,249","11,560","7,810",,
2020-05,Murder,10,10,8,7,58,53,63,61,,
2020-05,Att.to.C.Murder,19,17,11,8,122,116,125,119,,
2020-05,Dacoity,1,1,0,0,5,4,8,8,,
2020-05,Prep.for Dacoity,,,,,,,,,,
2020-05,Robbery,10,3,17,12,247,206,393,337,,
2020-05,Robbery Chain Snatching,2,2,0,0,44,34,64,34,,
2020-05,Att.to.C.Robbery,,,,,,,,,,
2020-05,Extortion,4,2,4,4,84,74,90,64,,
2020-05,H.B.T.Day,24.5,4.5,33,10,279.5,115.5,398,157,,
2020-05,H.B.T.Night.,24.5,4.5,33,10,279.5,115.5,398,157,,
2020-05,Thefts.,51,7,34,2,"1,383",416,"2,271",782,,
2020-05,M.V.Thefts.,158,3,84,7,883,220,"1,066",373,,
2020-05,Snatching,,,,,,,,,,
2020-05,Hurt,252,110,134,74,"1,466","1,122","1,862","1,639",,
2020-05,Riots.,24,15,14,6,132,94,172,143,,
2020-05,Rape,19,12,17,6,276,220,401,345,,
2020-05,Molestation,56,26,36,12,797,594,"1,108",859,,
2020-05,Other I.P.C.,"1,877","1,611","5,278","4,955","12,994","10,671","7,708","5,208",,
2020-04,Murder,8,7,12,10,47,42,54,52,,
2020-04,Att.to.C.Murder,11,8,27,25,104,98,103,98,,
2020-04,Dacoity,0,0,1,0,4,3,6,6,,
2020-04,Prep.for Dacoity,,,,,,,,,,
2020-04,Robbery,17,12,55,47,237,201,331,288,,
2020-04,Robbery Chain Snatching,0,0,14,9,42,32,51,30,,
2020-04,Att.to.C.Robbery,,,,,,,,,,
2020-04,Extortion,4,4,13,9,80,72,73,54,,
2020-04,H.B.T.Day,33,10,55,16.5,255,111,317.5,128,,
2020-04,H.B.T.Night.,33,10,55,16.5,255,111,317.5,128,,
2020-04,Thefts.,34,2,301,81,"1,332",407,"1,760",625,,
2020-04,M.V.Thefts.,84,7,193,35,725,214,853,296,,
2020-04,Snatching,,,,,,,,,,
2020-04,Hurt,134,74,324,234,"1,214","1,003","1,472","1,279",,
2020-04,Riots.,14,6,42,28,108,77,140,114,,
2020-04,Rape,17,6,73,58,256,206,303,254,,
2020-04,Molestation,36,12,235,161,741,569,904,688,,
2020-04,Other I.P.C.,"5,278","4,955","2,260","1,731","11,118","9,013","6,335","4,312",,
2020-03,Murder,12,10,20,18,39,35,34,32,,
2020-03,Att.to.C.Murder,27,25,30,28,93,89,78,75,,
2020-03,Dacoity,1,0,2,1,4,3,4,4,,
2020-03,Prep.for Dacoity,,,,,,,,,,
2020-03,Robbery,55,47,80,59,220,189,260,227,,
2020-03,Robbery Chain Snatching,14,9,17,11,42,32,31,18,,
2020-03,Att.to.C.Robbery,,,,,,,,,,
2020-03,Extortion,13,9,37,31,76,67,56,36,,
2020-03,H.B.T.Day,55,16.5,71,23,222,100.5,244,97.5,,
2020-03,H.B.T.Night.,55,16.5,71,23,222,100.5,244,97.5,,
2020-03,Thefts.,301,81,483,102,"1,298",404,"1,366",477,,
2020-03,M.V.Thefts.,193,35,202,46,641,203,637,224,,
2020-03,Snatching,,,,,,,,,,
2020-03,Hurt,324,234,389,300,"1,080",918,"1,112",968,,
2020-03,Riots.,42,28,22,17,94,71,112,91,,
2020-03,Rape,73,58,70,53,239,199,209,172,,
2020-03,Molestation,235,161,242,179,705,555,694,518,,
2020-03,Other I.P.C.,"2,260","1,731","1,822","1,073","5,840","4,030","5,053","3,438",,
2020-02,Murder,20,18,7,7,27,25,20,18,,
2020-02,Att.to.C.Murder,30,28,34,31,65,62,55,51,,
2020-02,Dacoity,2,1,1,1,3,2,4,4,,
2020-02,Prep.for Dacoity,,,,,,,,,,
2020-02,Robbery,80,59,87,74,166,138,169,143,,
2020-02,Robbery Chain Snatching,17,11,11,5,28,18,20,10,,
2020-02,Att.to.C.Robbery,,,,,,,,,,
2020-02,Extortion,37,31,25,19,63,54,45,27,,
2020-02,H.B.T.Day,142,46,191,67,333,134,321,110,,
2020-02,H.B.T.Night.,,,,,,,,,,
2020-02,Thefts.,483,102,514,156,997,285,883,294,,
2020-02,M.V.Thefts.,202,46,246,63,448,141,438,124,,
2020-02,Snatching,,,,,,,,,,
2020-02,Hurt,389,300,372,297,758,627,715,619,,
2020-02,Riots.,22,17,29,15,51,37,76,56,,
2020-02,Rape,70,53,80,60,160,128,134,111,,
2020-02,Molestation,242,179,221,171,469,376,436,321,,
2020-02,Other I.P.C.,"1,822","1,073","1,779",989,"3,587","2,164","3,450","2,346",,
2020-01,Murder,7,7,14,13,7,7,10,8,,
2020-01,Att.to.C.Murder,34,31,37,34,34,31,28,27,,
2020-01,Dacoity,1,1,3,3,1,1,3,3,,
2020-01,Prep.for Dacoity,,,,,,,,,,
2020-01,Robbery,87,74,96,66,87,74,90,77,,
2020-01,Robbery Chain Snatching,11,5,18,9,11,5,9,5,,
2020-01,Att.to.C.Robbery,,,,,,,,,,
2020-01,Extortion,25,19,32,24,25,19,19,15,,
2020-01,H.B.T.Day,95.5,33.5,84.5,16.5,95.5,33.5,80,27,,
2020-01,H.B.T.Night.,95.5,33.5,84.5,16.5,95.5,33.5,80,27,,
2020-01,Thefts.,514,156,541,138,514,156,458,140,,
2020-01,M.V.Thefts.,246,63,255,49,246,63,215,43,,
2020-01,Snatching,,,,,,,,,,
2020-01,Hurt,372,297,369,270,372,297,353,276,,
2020-01,Riots.,29,15,33,25,29,15,33,26,,
2020-01,Rape,80,60,86,68,80,60,65,55,,
2020-01,Molestation,224,172,282,206,224,172,230,153,,
2020-01,Other I.P.C.,"1,776",988,"3,423","2,683","1,776",988,"1,888","1,265",,
2019-12,Murder,14,13,11,10,165,158,164,158,,
2019-12,Att.to.C.Murder,37,34,27,24,343,334,280,273,,
2019-12,Dacoity,3,3,3,3,21,21,32,31,,
2019-12,Prep.for Dacoity,,,,,,,,,,
2019-12,Robbery,96,66,85,66,987,895,931,828,,
2019-12,Robbery Chain Snatching,18,9,9,6,157,129,171,120,,
2019-12,Att.to.C.Robbery,,,,,,,,,,
2019-12,Extortion,32,24,29,19,253,218,228,196,,
2019-12,H.B.T.Day,84.5,16.5,95,29.5,1029,482.5,1122,553.5,,
2019-12,H.B.T.Night.,84.5,16.5,95,29.5,1029,482.5,1122,553.5,,
2019-12,Thefts.,541,138,532,96,"5,888","2,126","6,260","2,287",,
2019-12,M.V.Thefts.,255,49,224,39,"2,693","1,157","3,203","1,331",,
2019-12,Snatching,,,,,,,,,,
2019-12,Hurt,369,270,369,279,"4,372","4,076","5,198","4,752",,
2019-12,Riots.,33,25,26,15,375,330,545,465,,
2019-12,Rape,86,68,70,48,"1,015",931,889,833,,
2019-12,Molestation,282,206,218,156,"2,678","2,277","2,586","2,202",,
2019-12,Other I.P.C.,"3,423","2,683","1,662",865,"20,926","15,185","19,170","14,229",,
2019-11,Murder,11,10,17,12,150,141,152,145,,
2019-11,Att.to.C.Murder,27,24,36,34,306,295,254,248,,
2019-11,Dacoity,3,3,1,1,18,17,31,30,,
2019-11,Prep.for Dacoity,,,,,,,,,,
2019-11,Robbery,85,66,81,64,891,811,866,765,,
2019-11,Robbery Chain Snatching,9,6,9,1,139,112,158,95,,
2019-11,Att.to.C.Robbery,,,,,,,,,,
2019-11,Extortion,29,19,16,11,221,185,214,182,,
2019-11,H.B.T.Day,95,29.5,79.5,21,944.5,421.5,1036.5,500.5,,
2019-11,H.B.T.Night.,95,29.5,79.5,21,944.5,421.5,1036.5,500.5,,
2019-11,Thefts.,532,96,530,95,"5,347","1,837","5,717","2,023",,
2019-11,M.V.Thefts.,224,39,219,39,"2,438","1,004","2,960","1,167",,
2019-11,Snatching,,,,,,,,,,
2019-11,Hurt,369,279,390,274,"4,004","3,653","4,858","4,409",,
2019-11,Riots.,26,15,38,24,342,292,517,440,,
2019-11,Rape,70,48,69,47,913,816,810,756,,
2019-11,Molestation,218,156,191,131,"2,393","1,995","2,401","1,947",,
2019-11,Other I.P.C.,"1,662",865,"1,393",678,"17,521","11,974","16,293","11,604",,
2019-10,Murder,17,12,11,11,137,128,140,134,,
2019-10,Att.to.C.Murder,36,34,34,30,278,266,227,220,,
2019-10,Dacoity,1,1,1,0,15,14,30,29,,
2019-10,Prep.for Dacoity,,,,,,,,,,
2019-10,Robbery,81,64,65,54,807,735,784,687,,
2019-10,Robbery Chain Snatching,9,1,6,2,130,100,138,81,,
2019-10,Att.to.C.Robbery,,,,,,,,,,
2019-10,Extortion,16,11,23,15,192,161,193,160,,
2019-10,H.B.T.Day,79.5,21,83.5,17.5,849.5,382,933.5,447.5,,
2019-10,H.B.T.Night.,79.5,21,83.5,17.5,849.5,382,933.5,447.5,,
2019-10,Thefts.,530,95,487,115,"4,816","1,667","5,205","1,814",,
2019-10,M.V.Thefts.,219,39,209,60,"2,214",906,"2,694","1,054",,
2019-10,Snatching,,,,,,,,,,
2019-10,Hurt,390,274,311,235,"3,635","3,284","4,400","3,960",,
2019-10,Riots.,38,24,35,27,316,273,486,412,,
2019-10,Rape,69,47,64,50,821,726,730,674,,
2019-10,Molestation,191,131,195,138,"2,175","1,794","2,182","1,769",,
2019-10,Other I.P.C.,"1,393",678,"1,335",721,"15,882","10,841","14,096","9,741",,
2019-09,Murder,11,11,15,13,120,116,125,120,,
2019-09,Att.to.C.Murder,34,30,21,19,240,230,198,188,,
2019-09,Dacoity,1,0,2,2,14,13,27,26,,
2019-09,Prep.for Dacoity,,,,,,,,,,
2019-09,Robbery,65,54,95,88,726,664,701,610,,
2019-09,Robbery Chain Snatching,6,2,24,11,121,89,112,62,,
2019-09,Att.to.C.Robbery,,,,,,,,,,
2019-09,Extortion,23,15,22,18,176,146,172,143,,
2019-09,H.B.T.Day,83.5,17.5,95,26.5,770,337,850.5,384.5,,
2019-09,H.B.T.Night.,83.5,17.5,95,26.5,770,337,850.5,384.5,,
2019-09,Thefts.,487,115,484,126,"4,286","1,515","4,637","1,597",,
2019-09,M.V.Thefts.,209,60,226,45,"1,995",814,"2,387",903,,
2019-09,Snatching,,,,,,,,,,
2019-09,Hurt,311,235,318,247,"3,247","2,944","3,859","3,466",,
2019-09,Riots.,35,27,14,9,278,243,438,370,,
2019-09,Rape,64,50,69,53,742,661,651,594,,
2019-09,Molestation,195,138,239,161,"1,985","1,632","1,896","1,537",,
2019-09,Other I.P.C.,"1,335",721,"1,632",938,"14,498","9,982","12,126","8,053",,
2019-08,Murder,15,13,14,14,109,105,108,103,,
2019-08,Att.to.C.Murder,21,19,37,36,206,199,174,169,,
2019-08,Dacoity,2,2,0,0,12,12,26,25,,
2019-08,Prep.for Dacoity,,,,,,,,,,
2019-08,Robbery,95,88,88,81,659,603,625,536,,
2019-08,Robbery Chain Snatching,24,11,12,5,116,80,93,49,,
2019-08,Att.to.C.Robbery,,,,,,,,,,
2019-08,Extortion,22,18,26,22,153,126,156,129,,
2019-08,H.B.T.Day,95,26.5,101.5,19,686,293.5,748,333.5,,
2019-08,H.B.T.Night.,95,26.5,101.5,19,686,293.5,748,333.5,,
2019-08,Thefts.,484,126,541,121,"3,801","1,363","4,167","1,416",,
2019-08,M.V.Thefts.,226,45,265,36,"1,786",691,"2,129",786,,
2019-08,Snatching,,,,,,,,,,
2019-08,Hurt,318,247,307,233,"2,937","2,656","3,403","3,046",,
2019-08,Riots.,14,9,19,14,244,214,398,332,,
2019-08,Rape,69,53,68,42,668,584,585,536,,
2019-08,Molestation,239,161,203,143,"1,785","1,452","1,661","1,306",,
2019-08,Other I.P.C.,"1,632",938,"1,966","1,099","13,177","8,980","10,910","7,213",,
2019-07,Murder,14,14,15,13,94,92,98,91,,
2019-07,Att.to.C.Murder,37,36,25,24,186,180,146,140,,
2019-07,Dacoity,0,0,2,1,10,9,24,23,,
2019-07,Prep.for Dacoity,,,,,,,,,,
2019-07,Robbery,88,81,85,63,565,506,541,453,,
2019-07,Robbery Chain Snatching,12,5,15,8,91,59,74,39,,
2019-07,Att.to.C.Robbery,,,,,,,,,,
2019-07,Extortion,26,22,16,11,131,103,127,104,,
2019-07,H.B.T.Day,101.5,19,92.5,26,591,237.5,643.5,275.5,,
2019-07,H.B.T.Night.,101.5,19,92.5,26,591,237.5,643.5,275.5,,
2019-07,Thefts.,541,121,502,102,"3,315","1,142","3,628","1,199",,
2019-07,M.V.Thefts.,265,36,229,47,"1,560",567,"1,899",673,,
2019-07,Snatching,,,,,,,,,,
2019-07,Hurt,307,233,453,323,"2,620","2,333","3,010","2,669",,
2019-07,Riots.,19,14,39,32,230,200,352,285,,
2019-07,Rape,68,42,91,63,583,504,505,454,,
2019-07,Molestation,203,143,237,153,"1,546","1,241","1,463","1,149",,
2019-07,Other I.P.C.,"1,966","1,099","1,903","1,054","11,560","7,810","9,517","6,120",,
2019-06,Murder,15,13,8,8,78,75,85,79,,
2019-06,Att.to.C.Murder,25,24,21,19,150,145,129,124,,
2019-06,Dacoity,2,1,2,2,10,9,20,18,,
2019-06,Prep.for Dacoity,,,,,,,,,,
2019-06,Robbery,85,63,62,42,477,414,465,378,,
2019-06,Robbery Chain Snatching,15,8,13,3,79,47,65,32,,
2019-06,Att.to.C.Robbery,,,,,,,,,,
2019-06,Extortion,16,11,17,9,105,79,110,90,,
2019-06,H.B.T.Day,92.5,26,80.5,13.5,489.5,204.5,543,213,,
2019-06,H.B.T.Night.,92.5,26,80.5,13.5,489.5,204.5,543,213,,
2019-06,Thefts.,502,102,511,117,"2,774",948,"3,126",964,,
2019-06,M.V.Thefts.,229,47,213,29,"1,295",481,"1,682",558,,
2019-06,Snatching,,,,,,,,,,
2019-06,Hurt,453,323,392,300,"2,315","2,018","2,632","2,252",,
2019-06,Riots.,39,32,31,25,211,178,326,249,,
2019-06,Rape,91,63,81,63,505,435,419,357,,
2019-06,Molestation,237,153,207,139,"1,343","1,044","1,293",993,,
2019-06,Other I.P.C.,"1,903","1,054","1,388",702,"9,603","6,489","8,272","5,076",,
2019-05,Murder,8,8,19,19,63,61,63,59,,
2019-05,Att.to.C.Murder,21,19,26,25,125,119,109,105,,
2019-05,Dacoity,2,2,1,1,8,8,18,15,,
2019-05,Prep.for Dacoity,,,,,,,,,,
2019-05,Robbery,62,42,72,54,393,337,396,312,,
2019-05,Robbery Chain Snatching,13,3,20,6,64,34,52,30,,
2019-05,Att.to.C.Robbery,,,,,,,,,,
2019-05,Extortion,17,9,17,14,90,64,93,75,,
2019-05,H.B.T.Day,161,37,146,35,796,314,932,354,,
2019-05,H.B.T.Night.,,,,,,,,,,
2019-05,Thefts.,511,117,394,90,"2,271",782,"2,678",787,,
2019-05,M.V.Thefts.,213,29,216,38,"1,066",373,"1,450",484,,
2019-05,Snatching,,,,,,,,,,
2019-05,Hurt,392,300,360,271,"1,862","1,639","2,222","1,892",,
2019-05,Riots.,31,25,28,20,172,143,285,214,,
2019-05,Rape,81,63,84,64,401,345,359,306,,
2019-05,Molestation,207,139,210,146,"1,108",859,"1,119",868,,
2019-05,Other I.P.C.,"1,388",702,"1,293",712,"7,708","5,208","6,985","4,264",,
2019-04,Murder,19,19,14,13,54,52,47,43,,
2019-04,Att.to.C.Murder,26,25,23,21,103,98,92,89,,
2019-04,Dacoity,1,1,0,0,6,6,14,12,,
2019-04,Prep.for Dacoity,,,,,,,,,,
2019-04,Robbery,72,54,90,72,331,288,325,260,,
2019-04,Robbery Chain Snatching,20,6,11,5,51,30,38,21,,
2019-04,Att.to.C.Robbery,,,,,,,,,,
2019-04,Extortion,17,14,11,6,73,54,77,65,,
2019-04,H.B.T.Day,73,17.5,84,24,312.5,128,383.5,245.5,,
2019-04,H.B.T.Night.,73,17.5,84,24,312.5,128,383.5,245.5,,
2019-04,Thefts.,394,90,483,120,"1,760",625,"2,186",613,,
2019-04,M.V.Thefts.,216,38,199,45,853,296,"1,202",365,,
2019-04,Snatching,,,,,,,,,,
2019-04,Hurt,360,271,397,318,"1,472","1,279","1,794","1,497",,
2019-04,Riots.,28,20,36,30,140,114,240,170,,
2019-04,Rape,84,64,69,47,303,254,282,239,,
2019-04,Molestation,210,146,257,171,904,688,914,705,,
2019-04,Other I.P.C.,"1,293",712,"1,610",932,"6,335","4,312","5,726","3,405",,
2019-03,Murder,14,13,10,9,34,32,28,27,,
2019-03,Att.to.C.Murder,23,21,27,23,78,75,63,59,,
2019-03,Dacoity,0,0,0,0,4,4,10,9,,
2019-03,Prep.for Dacoity,,,,,,,,,,
2019-03,Robbery,90,72,80,63,260,227,256,202,,
2019-03,Robbery Chain Snatching,11,5,11,4,31,18,31,13,,
2019-03,Att.to.C.Robbery,,,,,,,,,,
2019-03,Extortion,11,6,25,11,56,36,64,52,,
2019-03,H.B.T.Day,84,24,80.5,17.5,244,97.5,298.5,104.5,,
2019-03,H.B.T.Night.,84,24,80.5,17.5,244,97.5,298.5,104.5,,
2019-03,Thefts.,483,120,425,128,"1,366",477,"1,618",440,,
2019-03,M.V.Thefts.,199,45,223,52,637,224,940,269,,
2019-03,Snatching,,,,,,,,,,
2019-03,Hurt,397,318,362,307,"1,112",968,"1,367","1,102",,
2019-03,Riots.,36,30,43,29,112,91,201,142,,
2019-03,Rape,69,47,65,50,209,172,201,163,,
2019-03,Molestation,257,171,204,151,694,518,682,515,,
2019-03,Other I.P.C.,"1,610",932,"1,569",961,"5,053","3,438","4,374","2,560",,
2019-02,Murder,10,9,10,8,20,18,16,14,,
2019-02,Att.to.C.Murder,27,23,28,27,55,51,43,41,,
2019-02,Dacoity,0,0,3,3,4,4,3,3,,
2019-02,Prep.for Dacoity,,,,,,,,,,
2019-02,Robbery,80,63,90,77,169,143,167,125,,
2019-02,Robbery Chain Snatching,11,4,9,5,20,10,20,8,,
2019-02,Att.to.C.Robbery,,,,,,,,,,
2019-02,Extortion,25,11,19,15,45,27,41,32,,
2019-02,H.B.T.Day,80.5,17.5,80,27,165.5,55,200,68,,
2019-02,H.B.T.Night.,80.5,17.5,80,27,165.5,55,200,68,,
2019-02,Thefts.,425,128,458,140,883,294,"1,070",276,,
2019-02,M.V.Thefts.,223,52,215,43,438,124,639,156,,
2019-02,Snatching,,,,,,,,,,
2019-02,Hurt,362,307,353,276,715,619,866,680,,
2019-02,Riots.,43,29,33,26,76,56,148,97,,
2019-02,Rape,65,50,65,55,134,111,126,97,,
2019-02,Molestation,204,151,230,153,436,321,446,322,,
2019-02,Other I.P.C.,"1,569",961,"1,888","1,265","3,450","2,346","2,857","1,564",,
2019-01,Murder,10,8,11,11,10,8,10,9,,
2019-01,Att.to.C.Murder,28,27,27,26,28,27,23,21,,
2019-01,Dacoity,3,3,2,2,3,3,1,0,,
2019-01,Prep.for Dacoity,,,,,,,,,,
2019-01,Robbery,90,77,66,48,90,77,88,65,,
2019-01,Robbery Chain Snatching,9,5,13,7,9,5,10,5,,
2019-01,Att.to.C.Robbery,,,,,,,,,,
2019-01,Extortion,19,15,14,12,19,15,20,16,,
2019-01,H.B.T.Day,80,27,65,19,80,27,110,36.5,,
2019-01,H.B.T.Night.,80,27,65,19,80,27,110,36.5,,
2019-01,Thefts.,458,140,542,126,458,140,539,144,,
2019-01,M.V.Thefts.,215,43,243,41,215,43,344,53,,
2019-01,Snatching,,,,,,,,,,
2019-01,Hurt,353,276,342,249,353,276,481,361,,
2019-01,Riots.,33,26,27,13,33,26,101,60,,
2019-01,Rape,65,55,62,49,65,55,64,49,,
2019-01,Molestation,230,153,182,129,230,153,240,164,,
2019-01,Other I.P.C.,"1,888","1,265","2,896","2,271","1,888","1,265","1,484",766,,
2018-12,Murder,11,11,11,8,164,158,127,122,,
2018-12,Att.to.C.Murder,27,26,27,26,280,273,199,191,,
2018-12,Dacoity,2,2,1,1,32,31,31,30,,
2018-12,Prep.for Dacoity,,,,,,,,,,
2018-12,Robbery,66,48,82,61,931,828,850,705,,
2018-12,Robbery Chain Snatching,13,7,20,8,171,120,169,113,,
2018-12,Att.to.C.Robbery,,,,,,,,,,
2018-12,Extortion,14,12,21,18,228,196,195,165,,
2018-12,H.B.T.Day,65,19,97.5,24.5,1122,553.5,1204.5,522.5,,
2018-12,H.B.T.Night.,65,19,97.5,24.5,1122,553.5,1204.5,522.5,,
2018-12,Thefts.,542,126,513,116,"6,260","2,287","6,704","2,157",,
2018-12,M.V.Thefts.,243,41,266,35,"3,203","1,331","3,012",935,,
2018-12,Snatching,,,,,,,,,,
2018-12,Hurt,342,249,460,358,"5,198","4,752","4,704","4,210",,
2018-12,Riots.,27,13,29,22,545,465,441,374,,
2018-12,Rape,62,49,66,53,889,833,751,684,,
2018-12,Molestation,182,129,219,141,"2,586","2,202","2,268","1,879",,
2018-12,Other I.P.C.,"2,896","2,271","2,208","1,601","19,170","14,229","18,012","12,807",,
2018-11,Murder,11,8,14,13,152,145,120,118,,
2018-11,Att.to.C.Murder,27,26,29,28,254,248,183,175,,
2018-11,Dacoity,1,1,2,2,31,30,27,27,,
2018-11,Prep.for Dacoity,,,,,,,,,,
2018-11,Robbery,82,61,85,66,866,765,766,636,,
2018-11,Robbery Chain Snatching,20,8,26,9,158,95,157,105,,
2018-11,Att.to.C.Robbery,,,,,,,,,,
2018-11,Extortion,21,18,21,15,214,182,174,145,,
2018-11,H.B.T.Day,97.5,24.5,88,27,1036.5,500.5,1101.5,475,,
2018-11,H.B.T.Night.,97.5,24.5,88,27,1036.5,500.5,1101.5,475,,
2018-11,Thefts.,513,116,568,119,"5,717","2,023","6,061","1,928",,
2018-11,M.V.Thefts.,266,35,306,49,"2,960","1,167","2,636",818,,
2018-11,Snatching,,,,,,,,,,
2018-11,Hurt,460,358,542,398,"4,858","4,409","4,328","3,839",,
2018-11,Riots.,29,22,47,36,517,440,403,341,,
2018-11,Rape,66,53,66,51,810,756,680,612,,
2018-11,Molestation,219,141,284,191,"2,401","1,947","2,046","1,667",,
2018-11,Other I.P.C.,"2,208","1,601","1,986","1,321","16,293","11,604","15,838","10,992",,
2018-10,Murder,14,13,16,16,140,134,110,107,,
2018-10,Att.to.C.Murder,29,28,24,19,227,220,171,160,,
2018-10,Dacoity,2,2,1,1,30,29,24,24,,
2018-10,Prep.for Dacoity,,,,,,,,,,
2018-10,Robbery,85,66,76,62,784,687,702,579,,
2018-10,Robbery Chain Snatching,26,9,19,6,138,81,152,93,,
2018-10,Att.to.C.Robbery,,,,,,,,,,
2018-10,Extortion,21,15,16,11,193,160,155,127,,
2018-10,H.B.T.Day,88,27,102.5,28.5,938.5,447.2,1000,428,,
2018-10,H.B.T.Night.,88,27,102.5,28.5,938.5,447.2,1000,428,,
2018-10,Thefts.,568,119,470,113,"5,205","1,814","5,503","1,704",,
2018-10,M.V.Thefts.,306,49,258,47,"2,694","1,054","2,407",734,,
2018-10,Snatching,,,,,,,,,,
2018-10,Hurt,542,398,458,350,"4,400","3,960","3,925","3,443",,
2018-10,Riots.,47,36,40,34,486,412,355,290,,
2018-10,Rape,66,51,59,42,730,674,588,516,,
2018-10,Molestation,286,193,235,164,"2,182","1,769","1,814","1,381",,
2018-10,Other I.P.C.,"1,984","1,319","1,222",652,"14,096","9,741","14,017","9,508",,
2018-09,Murder,16,16,9,9,125,120,98,94,,
2018-09,Att.to.C.Murder,24,19,27,27,198,188,147,138,,
2018-09,Dacoity,1,1,2,2,27,26,23,23,,
2018-09,Prep.for Dacoity,,,,,,,,,,
2018-09,Robbery,76,62,85,69,701,610,633,516,,
2018-09,Robbery Chain Snatching,19,6,19,7,112,62,136,78,,
2018-09,Att.to.C.Robbery,,,,,,,,,,
2018-09,Extortion,16,11,27,20,172,143,135,109,,
2018-09,H.B.T.Day,102.5,28.5,103.5,26,850.5,384.5,888,383.5,,
2018-09,H.B.T.Night.,102.5,28.5,103.5,26,850.5,384.5,888,383.5,,
2018-09,Thefts.,470,113,539,126,"4,637","1,597","4,932","1,486",,
2018-09,M.V.Thefts.,258,47,230,37,"2,387",903,"2,160",644,,
2018-09,Snatching,,,,,,,,,,
2018-09,Hurt,458,350,394,277,"3,859","3,466","3,436","2,978",,
2018-09,Riots.,40,34,44,38,438,370,315,253,,
2018-09,Rape,59,42,62,51,651,594,525,456,,
2018-09,Molestation,235,164,198,137,"1,896","1,537","1,609","1,227",,
2018-09,Other I.P.C.,"1,222",652,"1,415",822,"12,126","8,053","12,213","8,062",,
2018-08,Murder,9,9,13,11,108,103,86,81,,
2018-08,Att.to.C.Murder,27,27,15,13,174,169,126,121,,
2018-08,Dacoity,2,2,2,2,26,25,20,20,,
2018-08,Prep.for Dacoity,,,,,,,,,,
2018-08,Robbery,85,69,78,60,625,536,551,438,,
2018-08,Robbery Chain Snatching,19,7,9,4,93,49,123,68,,
2018-08,Att.to.C.Robbery,,,,,,,,,,
2018-08,Extortion,27,20,17,10,156,129,118,93,,
2018-08,H.B.T.Day,103.5,26,101.5,18,748,333.5,768,316,,
2018-08,H.B.T.Night.,103.5,26,101.5,18,748,333.5,768,316,,
2018-08,Thefts.,539,126,502,136,"4,167","1,416","4,347","1,243",,
2018-08,M.V.Thefts.,230,37,217,34,"2,129",786,"1,916",564,,
2018-08,Snatching,,,,,,,,,,
2018-08,Hurt,394,277,380,291,"3,403","3,046","3,033","2,626",,
2018-08,Riots.,44,38,26,21,398,332,289,238,,
2018-08,Rape,62,51,74,62,585,536,472,408,,
2018-08,Molestation,198,137,171,114,"1,661","1,306","1,445","1,106",,
2018-08,Other I.P.C.,"1,415",822,"1,256",746,"10,910","7,213","10,557","6,800",,
2018-07,Murder,13,11,21,18,98,91,79,76,,
2018-07,Att.to.C.Murder,15,13,22,21,146,140,118,111,,
2018-07,Dacoity,2,2,1,1,24,23,17,17,,
2018-07,Prep.for Dacoity,,,,,,,,,,
2018-07,Robbery,78,60,70,55,541,453,481,380,,
2018-07,Robbery Chain Snatching,9,4,13,2,74,39,100,57,,
2018-07,Att.to.C.Robbery,,,,,,,,,,
2018-07,Extortion,17,10,17,12,127,104,97,76,,
2018-07,H.B.T.Day,101.5,18,77,15.5,644.5,275.5,665,257.5,,
2018-07,H.B.T.Night.,101.5,18,77,15.5,644.5,275.5,665,257.5,,
2018-07,Thefts.,502,136,449,112,"3,628","1,199","3,820","1,037",,
2018-07,M.V.Thefts.,217,34,232,25,"1,899",673,"1,671",471,,
2018-07,Snatching,,,,,,,,,,
2018-07,Hurt,380,291,409,302,"3,010","2,669","2,702","2,332",,
2018-07,Riots.,26,21,41,25,352,285,260,210,,
2018-07,Rape,74,62,55,37,505,454,407,349,,
2018-07,Molestation,171,114,175,108,"1,463","1,149","1,257",954,,
2018-07,Other I.P.C.,"1,256",746,"1,290",609,"9,517","6,120","9,137","5,719",,
2018-06,Murder,21,18,16,14,85,79,69,64,,
2018-06,Att.to.C.Murder,22,21,18,16,129,124,102,92,,
2018-06,Dacoity,1,1,4,3,20,18,13,12,,
2018-06,Prep.for Dacoity,,,,,,,,,,
2018-06,Robbery,70,55,71,43,465,378,413,315,,
2018-06,Robbery Chain Snatching,13,2,14,4,65,32,85,43,,
2018-06,Att.to.C.Robbery,,,,,,,,,,
2018-06,Extortion,17,12,16,9,110,90,76,64,,
2018-06,H.B.T.Day,77,15.5,82.5,17,543,213,561.5,209.5,,
2018-06,H.B.T.Night.,77,15.5,82.5,17,543,213,561.5,209.5,,
2018-06,Thefts.,449,112,492,115,"3,126",964,"3,259",852,,
2018-06,M.V.Thefts.,232,25,248,53,"1,682",558,"1,449",371,,
2018-06,Snatching,,,,,,,,,,
2018-06,Hurt,409,302,428,320,"2,632","2,252","2,360","1,997",,
2018-06,Riots.,41,25,44,29,326,249,217,172,,
2018-06,Rape,55,37,60,45,419,357,335,283,,
2018-06,Molestation,175,108,206,136,"1,293",993,"1,063",810,,
2018-06,Other I.P.C.,"1,290",609,"1,275",646,"8,272","5,076","7,736","4,649",,
2018-05,Murder,16,14,19,16,63,59,58,56,,
2018-05,Att.to.C.Murder,18,16,25,23,109,105,78,69,,
2018-05,Dacoity,4,3,4,3,18,15,11,10,,
2018-05,Prep.for Dacoity,,,,,,,,,,
2018-05,Robbery,71,43,69,48,396,312,343,253,,
2018-05,Robbery Chain Snatching,14,4,7,3,52,30,71,32,,
2018-05,Att.to.C.Robbery,,,,,,,,,,
2018-05,Extortion,16,9,13,10,93,75,63,52,,
2018-05,H.B.T.Day,82.5,17,84.5,20.5,461,177,483,178,,
2018-05,H.B.T.Night.,82.5,17,84.5,20.5,461,177,483,178,,
2018-05,Thefts.,492,115,569,110,"2,678",787,"2,752",693,,
2018-05,M.V.Thefts.,248,53,262,33,"1,450",484,"1,177",291,,
2018-05,Snatching,,,,,,,,,,
2018-05,Hurt,428,320,431,319,"2,222","1,892","1,959","1,599",,
2018-05,Riots.,44,29,37,21,285,214,175,135,,
2018-05,Rape,60,45,72,57,359,306,275,224,,
2018-05,Molestation,206,136,231,165,"1,119",868,894,662,,
2018-05,Other I.P.C.,"1,275",646,"1,364",679,"6,985","4,264","6,495","3,777",,
2018-04,Murder,19,16,12,12,47,43,44,41,,
2018-04,Att.to.C.Murder,25,23,20,17,92,89,63,58,,
2018-04,Dacoity,4,3,6,5,14,12,9,9,,
2018-04,Prep.for Dacoity,,,,,,,,,,
2018-04,Robbery,69,48,90,67,325,260,257,181,,
2018-04,Robbery Chain Snatching,7,3,11,3,38,21,53,22,,
2018-04,Att.to.C.Robbery,,,,,,,,,,
2018-04,Extortion,13,10,23,18,77,65,47,35,,
2018-04,H.B.T.Day,84.5,20.5,98.5,21,383.5,145.5,382,135,,
2018-04,H.B.T.Night.,84.5,20.5,98.5,21,383.5,145.5,382,135,,
2018-04,Thefts.,569,110,548,112,"2,186",613,"2,229",532,,
2018-04,M.V.Thefts.,262,33,301,50,"1,202",365,942,221,,
2018-04,Snatching,,,,,,,,,,
2018-04,Hurt,431,319,501,358,"1,794","1,497","1,544","1,252",,
2018-04,Riots.,37,21,53,39,240,170,141,105,,
2018-04,Rape,72,57,67,50,282,239,213,171,,
2018-04,Molestation,231,165,236,165,914,705,710,522,,
2018-04,Other I.P.C.,"1,364",679,"1,525",828,"5,726","3,405","5,176","2,946",,
2018-03,Murder,12,12,7,6,28,27,35,32,,
2018-03,Att.to.C.Murder,20,17,20,18,63,59,47,43,,
2018-03,Dacoity,6,5,2,2,10,9,4,4,,
2018-03,Prep.for Dacoity,,,,,,,,,,
2018-03,Robbery,90,67,79,55,256,202,194,129,,
2018-03,Robbery Chain Snatching,11,3,10,3,31,13,37,16,,
2018-03,Att.to.C.Robbery,,,,,,,,,,
2018-03,Extortion,23,18,21,15,64,52,35,28,,
2018-03,H.B.T.Day,98.5,21,90.5,19,298.5,104.5,291,94.5,,
2018-03,H.B.T.Night.,98.5,21,90.5,19,298.5,104.5,291,94.5,,
2018-03,Thefts.,548,112,530,111,"1,618",440,"1,663",389,,
2018-03,M.V.Thefts.,301,50,295,52,940,269,719,169,,
2018-03,Snatching,,,,,,,,,,
2018-03,Hurt,501,358,385,276,"1,367","1,102","1,165",918,,
2018-03,Riots.,53,39,46,27,201,142,108,83,,
2018-03,Rape,67,50,57,37,201,163,150,118,,
2018-03,Molestation,236,165,207,142,682,515,572,409,,
2018-03,Other I.P.C.,"1,525",828,"1,377",681,"4,374","2,560","3,791","2,127",,
2018-02,Murder,7,6,10,9,16,14,24,21,,
2018-02,Att.to.C.Murder,20,18,23,21,43,41,25,24,,
2018-02,Dacoity,2,2,1,0,3,3,2,2,,
2018-02,Prep.for Dacoity,,,,,,,,,,
2018-02,Robbery,79,55,88,65,167,125,117,75,,
2018-02,Robbery Chain Snatching,10,3,10,5,20,8,21,11,,
2018-02,Att.to.C.Robbery,,,,,,,,,,
2018-02,Extortion,21,15,20,16,41,32,14,11,,
2018-02,H.B.T.Day,90.5,19,110,36.5,200,68,192.5,57.5,,
2018-02,H.B.T.Night.,90.5,19,110,36.5,200,68,192.5,57.5,,
2018-02,Thefts.,530,111,539,144,"1,070",276,"1,056",248,,
2018-02,M.V.Thefts.,295,52,344,53,639,156,494,106,,
2018-02,Snatching,,,,,,,,,,
2018-02,Hurt,385,276,481,361,866,680,717,555,,
2018-02,Riots.,46,27,101,60,148,97,64,40,,
2018-02,Rape,57,37,64,49,126,97,78,62,,
2018-02,Molestation,207,142,240,164,446,322,364,252,,
2018-02,Other I.P.C.,"1,377",681,"1,484",766,"2,857","1,564","2,386","1,271",,
2018-01,Murder,10,9,7,4,10,9,13,12,,
2018-01,Att.to.C.Murder,23,21,16,12,23,21,19,17,,
2018-01,Dacoity,1,0,4,3,1,0,1,1,,
2018-01,Prep.for Dacoity,,,,,,,,,,
2018-01,Robbery,88,65,84,55,88,65,74,45,,
2018-01,Robbery Chain Snatching,10,5,12,4,10,5,14,7,,
2018-01,Att.to.C.Robbery,,,,,,,,,,
2018-01,Extortion,20,16,21,15,20,16,9,8,,
2018-01,H.B.T.Day,220,73,205,49,220,73,214,55,,
2018-01,H.B.T.Night.,,,,,,,,,,
2018-01,Thefts.,539,144,643,126,539,144,586,137,,
2018-01,M.V.Thefts.,344,53,376,44,344,53,272,43,,
2018-01,Snatching,,,,,,,,,,
2018-01,Hurt,481,361,377,272,481,361,380,278,,
2018-01,Riots.,101,60,38,27,101,60,34,23,,
2018-01,Rape,64,49,57,50,64,49,35,26,,
2018-01,Molestation,240,164,224,157,240,164,193,137,,
2018-01,Other I.P.C.,"1,484",766,"2,186","1,433","1,484",766,"1,289",643,,
